Draw No,Draw Date,Ball 1,Ball 2,Ball 3,Ball 4,Ball 5,Ball 6,Bonus Ball,Div1,Div2,Div3,Div4,Div5,Div6,Div7,Div1 No Win,Div2 No Win,Div3 No Win,Div4 No Win,Div5 No Win,Div6 No Win,Div7 No Win,Prize Payable,Rollover,Rollover Count,Next Estimated Jackpot,Next Guaranteed Jackpot,Total Sales,Draw Machine,Ball Set
1050,2011/01/15,38,45,35,21,39,14,4,1125276,348299,4604,1458,108,79,10.5,1,1,64,147,3218,4399,63481,3344172.5,0,0,1000000,0,6691560,Mooinooi,45
1049,2011/01/12,26,25,21,37,30,14,17,0,420039,9763,2299,156,99,10.5,0,1,39,140,2680,4203,49955,2481360.5,0,0,1000000,0,4974655,Dimakatso,44
1048,2011/01/08,16,24,49,27,43,34,26,0,122539,4145,2144,124,102,10.5,0,5,134,219,4912,5950,81504,3709441,0,0,1000000,0,7437750,Mandlakazi,34
1047,2011/01/05,37,30,44,22,5,7,40,0,485483,3827,2175,111,98,10.5,0,1,115,171,4349,4919,70965,3007446.5,0,0,1000000,0,6027490,Mooinooi,37
1046,2011/01/01,2,5,19,40,47,12,9,0,398498,4948,1427,121,75,10.5,0,1,73,214,3285,5249,55190,2435735,0,0,1000000,0,4883274,Mooinooi,50
1045,2010/12/29,22,27,41,12,2,20,33,0,152644,5426,1765,117,88,10.5,0,4,102,265,5213,6870,83649,3724548.5,0,0,1000000,0,7462962,Dimakatso,43
1044,2010/12/22,18,32,45,27,42,15,23,0,564409,5443,1825,133,93,10.5,0,1,94,237,4239,6023,73604,3405344,0,0,1000000,0,6820543,Mooinooi,49
1043,2010/12/18,7,20,18,40,43,15,16,1547764,239534,3166,995,71,54,10.5,1,2,128,296,6732,8806,114363,4880907.5,0,0,1000000,0,9771928,Dimakatso,27
1042,2010/12/15,22,21,11,46,1,9,17,0,450586,5374,2055,113,86,10.5,0,1,76,168,3959,5197,66520,2797019,0,0,1000000,0,5608008,Dimakatso,47
1041,2010/12/11,35,12,11,22,23,29,4,1090462,168762,3006,780,78,48,10.5,1,2,95,266,4312,7007,83723,3472799.5,0,0,1000000,0,6950862,Mandlakazi,35
1040,2010/12/08,12,29,23,5,17,6,40,0,0,5326,2393,122,130,10.5,0,0,91,178,4290,4007,66745,2655732.5,0,0,1000000,0,5318617,Mandlakazi,37
1039,2010/12/04,35,33,39,42,48,10,26,0,340968,7025,2750,161,114,10.5,0,2,88,190,4234,5960,82078,4045569,0,0,1000000,0,8096875,Mandlakazi,50
1038,2010/12/01,36,8,44,3,46,15,24,0,0,11785,2686,205,130,10.5,0,0,55,212,3413,5387,64922,3299263,0,0,1000000,0,6601222,Dimakatso,43
1037,2010/11/27,3,48,27,14,22,9,33,1528733,118294,3849,690,78,45,10.5,1,4,104,422,6032,10438,107987,4767454.5,0,0,1000000,0,9547411,Dimakatso,50
1036,2010/11/24,7,22,13,10,41,6,36,0,396626,6914,2171,128,111,10.5,0,1,52,140,3095,3550,58378,2463273,0,0,1000000,0,4932727,Mandlakazi,38
1035,2010/11/20,17,49,32,31,23,27,42,0,214959,7495,1445,141,83,10.5,0,3,78,342,4542,7744,87613,3926787.5,0,0,1000000,0,7866784,Mandlakazi,48
1034,2010/11/17,42,26,10,16,23,32,6,0,124677,6028,1882,123,96,10.5,0,4,75,203,4048,5183,73131,3096201.5,0,0,1000000,0,6196600,Dimakatso,33
1033,2010/11/13,9,49,47,33,32,8,35,0,660858,7396,3185,152,126,10.5,0,1,81,159,4336,5220,85049,3976155.5,0,0,1000000,0,7962277,Dimakatso,41
1032,2010/11/10,10,44,35,30,31,23,47,0,261909,6088,2623,143,119,10.5,0,2,78,153,3656,4386,67260,3150973,0,0,1000000,0,6307972,Mooinooi,27
1031,2010/11/06,30,17,3,42,40,7,9,1351686,83675,2283,799,67,49,10.5,1,5,155,322,6163,8385,104523,4302481.5,0,0,1000000,0,8631585,Mooinooi,49
1030,2010/11/03,34,39,44,35,46,21,45,0,299255,9688,2237,179,128,10.5,0,2,56,205,3328,4660,62551,3448600.5,0,0,1000000,0,6907132,Mooinooi,45
1029,2010/10/30,23,38,9,25,28,22,42,910454,140903,3640,1020,81,63,10.5,2,4,131,340,6919,8844,130087,5691684.5,0,0,1000000,0,11402818,Dimakatso,38
1028,2010/10/27,41,25,29,11,17,21,1,0,231731,6002,1749,137,82,10.5,0,2,70,203,3377,5598,61723,2808425.5,0,0,1000000,0,5627605,Mooinooi,47
1027,2010/10/23,13,29,47,26,37,21,39,0,0,6154,2668,148,131,10.5,0,0,111,225,4977,5597,76163,3552908.5,0,0,1000000,0,7119628,Dimakatso,52
1026,2010/10/20,5,9,14,38,23,27,26,789668,244421,2177,771,61,48,10.5,1,1,95,195,3982,5014,64976,2557071,0,0,1000000,0,5124822,Mooinooi,55
1025,2010/10/16,16,39,48,15,22,45,5,1159546,358907,4601,1240,96,67,10.5,1,1,66,178,3731,5296,68581,3475947.5,0,0,1000000,0,6961851,Mooinooi,44
1024,2010/10/13,27,5,33,17,26,21,1,0,234381,6966,2288,131,92,10.5,0,2,61,157,3575,5044,65982,2878088,0,0,1000000,0,5766591,Mooinooi,39
1023,2010/10/09,20,40,17,36,15,30,3,1281858,56680,2797,813,63,52,10.5,1,7,120,300,6221,7577,93535,4026202.5,0,0,1000000,0,8068321,Dimakatso,35
1022,2010/10/06,43,24,44,41,37,33,17,0,173550,6840,1534,128,78,10.5,0,3,69,260,4043,6603,70679,3166117.5,0,0,1000000,0,6350154,Dimakatso,49
1021,2010/10/02,31,30,28,27,47,34,23,0,264971,8578,2794,145,111,10.5,0,3,84,218,5455,7110,115995,4922689.5,0,0,1000000,0,9865008,Dimakatso,54
1020,2010/09/29,12,2,16,29,47,34,21,0,0,11267,4220,226,148,10.5,0,0,52,122,2794,4255,56700,2957258,0,0,1000000,0,5925417,Mooinooi,29
1019,2010/09/25,35,24,46,18,12,29,31,1172784,363004,4875,1053,87,68,10.5,1,1,63,212,4157,5271,72894,3551623,0,0,1000000,0,7115460,Mandlakazi,51
1018,2010/09/22,32,44,47,16,26,41,37,0,417749,5917,2192,144,114,10.5,0,1,64,146,2888,3651,52302,2497726,0,0,1000000,0,5002540,Mandlakazi,52
1017,2010/09/18,25,23,11,46,27,47,26,0,188488,6834,1341,143,71,10.5,0,3,75,323,3940,7914,73797,3411339.5,0,0,1000000,0,6834460,Mandlakazi,45
1016,2010/09/15,11,45,4,14,38,47,33,0,437265,10713,2393,154,102,10.5,0,1,37,140,2827,4262,52353,2588454.5,0,0,1000000,0,5186002,Dimakatso,43
1015,2010/09/11,2,27,26,32,46,23,18,0,297214,9622,2883,194,115,10.5,0,2,56,158,3049,5147,64634,3450842,0,0,1000000,0,6912729,Mandlakazi,28
1014,2010/09/08,42,25,1,32,7,47,34,908423,0,4616,1814,98,89,10.5,1,0,60,119,3214,3544,56911,2629202.5,0,0,1000000,0,5268777,Mandlakazi,34
1013,2010/09/04,13,10,39,23,2,19,21,0,192901,4769,1945,111,91,10.5,0,3,110,228,5204,6308,87591,3618130.5,0,0,1000000,0,7247866,Mandlakazi,44
1012,2010/09/01,8,22,41,3,24,45,42,0,0,11846,4217,209,154,10.5,0,0,47,116,2868,3901,57240,2847120,0,0,1000000,0,5701239,Mandlakazi,45
1011,2010/08/28,7,47,37,17,15,14,29,0,57166,1945,1025,80,79,10.5,0,14,373,598,9906,10050,121883,5004960.5,0,0,1000000,0,10039254,Dimakatso,29
1010,2010/08/25,42,45,44,37,18,23,7,0,429586,5991,1870,143,88,10.5,0,1,65,176,2987,4866,58489,2617604.5,0,0,1000000,0,5243095,Mandlakazi,51
1009,2010/08/21,49,3,9,23,19,39,11,504835,78129,1528,477,50,37,10.5,2,4,173,403,6154,8226,77711,3206788.5,0,0,1000000,0,6439887,Dimakatso,33
1008,2010/08/18,7,22,12,46,14,35,9,0,199500,6028,2591,129,98,10.5,0,2,60,118,3079,4068,55636,2446451,0,0,1000000,0,4897338,Dimakatso,45
1007,2010/08/14,15,22,24,31,33,36,35,1160621,179620,4676,973,89,56,10.5,1,2,65,227,4022,6407,74726,3546045,0,0,1000000,0,7096015,Mandlakazi,39
1006,2010/08/11,8,34,35,46,18,38,7,0,414007,7217,1958,155,118,10.5,0,1,52,162,2671,3488,50373,2460992.5,0,0,1000000,0,4927060,Mooinooi,54
1005,2010/08/07,32,31,17,42,49,16,2,0,300605,9237,2258,161,113,10.5,0,2,59,204,3730,5304,71318,3555546,0,0,1000000,0,7116481,Mandlakazi,43
1004,2010/08/04,1,29,35,43,34,31,46,0,494000,12795,3902,166,143,10.5,0,1,35,97,2961,3449,54512,2877428,0,0,1000000,0,5761581,Mooinooi,49
1003,2010/07/31,46,20,49,22,17,25,41,0,0,13873,4116,237,166,10.5,0,0,78,231,4928,7025,101830,5436191,0,0,1000000,0,10882981,Mandlakazi,34
1002,2010/07/28,27,45,23,10,11,17,31,0,430326,4106,1802,114,91,10.5,0,1,95,183,3768,4698,68420,2725642,0,0,1000000,0,5458560,Dimakatso,37
1001,2010/07/24,43,41,30,1,7,47,2,0,637725,7411,3567,171,124,10.5,0,1,78,137,3723,5123,75065,3764529.5,0,0,1000000,0,7536415,Dimakatso,43
1000,2010/07/21,47,29,27,22,24,48,3,0,433970,10632,2639,166,127,10.5,0,1,37,126,2602,3413,48174,2531078,0,0,1000000,0,5067457,Mooinooi,32
999,2010/07/17,43,7,44,48,24,18,36,0,562999,7617,1805,125,90,10.5,0,1,67,239,4480,6254,86081,3531443.5,0,0,1000000,0,7069381.5,Dimakatso,34
998,2010/07/14,9,41,49,35,20,29,38,893490,0,5796,1830,117,94,10.5,1,0,47,116,2665,3323,51205,2540001.5,0,0,1000000,0,5081988,Mandlakazi,54
997,2010/07/10,15,29,35,44,25,26,20,0,338462,8766,2161,140,94,10.5,0,2,70,240,4827,7173,90088,4105150,0,0,1000000,0,8218248,Mandlakazi,55
996,2010/07/07,25,11,44,26,1,22,4,0,102960,5907,1276,110,57,10.5,0,5,79,309,4680,8956,71667,3153532.5,0,0,1000000,0,6316251,Mooinooi,50
995,2010/07/03,26,5,43,42,35,6,10,0,375510,7018,2640,158,115,10.5,0,2,97,218,4753,6509,87630,4426910,0,0,1000000,0,8859121,Dimakatso,52
994,2010/06/30,44,9,36,8,16,29,35,0,100026,3570,1906,115,83,10.5,0,5,127,201,4335,5971,72886,3096047,0,0,1000000,0,6204756,Mandlakazi,45
993,2010/06/26,4,35,34,24,37,20,21,0,0,13386,3852,223,155,10.5,0,0,56,171,3619,5205,73486,3793723,0,0,1000000,0,7600785,Mandlakazi,43
992,2010/06/23,46,24,49,41,26,37,48,0,0,13274,3613,207,125,10.5,0,0,35,113,2420,3986,43035,2323916.5,0,0,1000000,0,4658020,Mandlakazi,49
991,2010/06/19,4,22,48,21,41,43,11,1103386,170762,4249,1229,97,56,10.5,1,2,68,171,3490,6002,64491,3295798.5,0,0,1000000,0,6608532,Dimakatso,34
990,2010/06/16,47,39,13,21,6,45,36,0,370306,7459,2728,165,126,10.5,0,1,45,104,2237,2930,43146,2180991,0,0,1000000,0,4366873,Mooinooi,37
989,2010/06/12,16,25,21,39,24,45,4,0,596813,8726,2913,181,129,10.5,0,1,62,157,3295,4610,66209,3481445.5,0,0,1000000,0,6968085,Dimakatso,32
988,2010/06/09,42,45,28,14,27,13,3,0,148637,8084,2096,152,98,10.5,0,3,50,163,2930,4538,56322,2673224,0,0,1000000,0,5350165,Mooinooi,48
987,2010/06/05,9,4,5,15,29,26,16,899658,92821,3295,968,74,52,10.5,2,6,143,354,7462,10647,134320,5686291,0,0,1000000,0,11388898,Mooinooi,27
986,2010/06/02,43,35,44,15,1,34,10,0,255829,11313,2883,171,124,10.5,0,2,41,136,2984,4098,55468,2968409,0,0,1000000,0,5946694,Mooinooi,41
985,2010/05/29,48,21,25,5,34,10,39,0,0,9524,3988,183,157,10.5,0,0,81,170,4545,5295,88394,4040591,0,0,1000000,0,8090436,Dimakatso,29
984,2010/05/26,32,21,48,26,10,36,44,0,469620,9255,2415,181,124,10.5,0,1,46,149,2584,3778,51521,2732331.5,0,0,1000000,0,5470920,Mooinooi,38
983,2010/05/22,21,22,47,17,48,43,23,0,566130,6579,2085,163,110,10.5,0,1,78,208,3455,5140,68237,3358025.5,0,0,1000000,0,6723919,Mooinooi,52
982,2010/05/19,40,20,26,30,18,42,5,407421,126106,1301,739,62,48,10.5,2,2,164,210,4035,5167,59000,2553294,0,0,1000000,0,5119200,Mandlakazi,33
981,2010/05/15,2,11,9,41,17,8,35,0,0,6516,2922,131,123,10.5,0,0,99,194,5320,5632,95033,3599454.5,0,0,1000000,0,7209147,Mandlakazi,28
980,2010/05/12,42,1,14,3,26,11,5,0,222383,6017,1803,136,63,10.5,0,2,67,189,3261,6985,60510,2707578,0,0,1000000,0,5427420,Dimakatso,27
979,2010/05/08,1,38,30,17,27,8,25,0,207674,4063,1865,122,103,10.5,0,3,139,256,5099,6035,86690,3819147,0,0,1000000,0,7643142,Dimakatso,32
978,2010/05/05,46,5,41,47,38,27,33,0,0,10795,3342,210,145,10.5,0,0,62,176,3435,4960,67964,3411654,0,0,1000000,0,6836040,Mooinooi,41
977,2010/05/01,30,4,23,42,10,40,12,1796733,278065,3290,834,77,52,10.5,1,2,143,410,7133,10662,126245,5594510.5,0,0,1000000,0,11207019,Mooinooi,52
976,2010/04/28,31,40,42,48,18,44,22,870073,134654,3079,925,69,65,10.5,1,2,74,179,3880,4109,57511,2671472.5,0,0,1000000,0,5350939,Mooinooi,34
975,2010/04/24,27,48,4,5,49,42,37,610576,377976,4773,1401,94,71,10.5,2,1,67,166,4008,5314,80379,3749510.5,0,0,1000000,0,7502976,Mandlakazi,39
974,2010/04/21,12,41,37,2,15,43,1,0,454235,7769,2740,190,138,10.5,0,1,53,127,2380,3269,49038,2632193,0,0,1000000,0,5274993,Mandlakazi,49
973,2010/04/17,2,11,27,28,1,48,16,0,306906,5919,2167,137,92,10.5,0,2,94,217,4466,6644,82399,3728716.5,0,0,1000000,0,7466958,Mooinooi,55
972,2010/04/14,45,6,17,46,8,24,12,0,451391,8706,2506,164,105,10.5,0,1,47,138,2740,4275,54234,2674093,0,0,1000000,0,5357527,Dimakatso,55
971,2010/04/10,41,14,35,31,16,44,27,1242205,96123,2904,981,89,57,10.5,1,4,112,241,4285,6717,75760,3748080,0,0,1000000,0,7506223,Mandlakazi,47
970,2010/04/07,19,4,35,27,6,41,1,1099521,170164,2716,974,78,62,10.5,1,2,106,215,4325,5475,73633,3387101.5,0,0,1000000,0,6782110,Dimakatso,40
969,2010/04/03,23,49,42,32,40,6,3,0,171661,5412,2104,134,108,10.5,0,4,115,250,5123,6322,87233,4120228.5,0,0,1000000,0,8249134,Mooinooi,41
968,2010/03/31,23,41,8,32,46,44,29,1084935,335813,2514,1038,74,64,10.5,1,1,113,199,4491,5184,72475,3336489.5,0,0,1000000,0,6688335,Mooinooi,52
967,2010/03/27,20,26,18,31,45,48,43,1900880,294183,5185,1361,103,70,10.5,1,2,96,266,5666,8297,108065,5648102.5,0,0,1000000,0,11321175,Mandlakazi,33
966,2010/03/24,36,42,17,29,34,30,31,0,0,10713,3937,198,146,10.5,0,0,46,110,2690,3648,51449,2531310.5,0,0,1000000,0,5062752,Mooinooi,48
965,2010/03/20,7,10,49,19,30,13,42,0,579280,5148,2144,101,93,10.5,0,1,102,207,5732,6170,95461,3703266.5,0,0,1000000,0,7418518,Mandlakazi,52
964,2010/03/17,43,2,34,39,17,38,25,0,235589,7766,2423,169,120,10.5,0,2,55,149,2787,3896,54467,2769761.5,0,0,1000000,0,5547348,Dimakatso,28
963,2010/03/13,28,19,7,35,4,39,33,0,303928,4305,1573,104,83,10.5,0,2,128,296,5844,7315,95188,3838899,0,0,1000000,0,7679860.5,Mandlakazi,45
962,2010/03/10,5,41,21,18,20,23,7,0,248286,9577,2013,147,89,10.5,0,2,47,189,3371,5560,60925,2957237.5,0,0,1000000,0,5920290,Mooinooi,50
961,2010/03/06,20,30,16,48,27,2,22,1519176,235110,2550,1125,70,65,10.5,1,2,156,257,6694,7196,103481,4699191.5,0,0,1000000,0,9407274,Mooinooi,47
960,2010/03/03,32,43,10,23,48,15,20,0,121097,5839,2128,127,108,10.5,0,5,94,218,4733,5569,82025,3682060.5,0,0,1000000,0,7381291,Dimakatso,39
959,2010/02/27,26,31,15,38,14,4,5,2049943,317253,4036,1337,97,72,10.5,1,2,133,292,6481,8722,125626,6187355,0,0,1000000,0,12399781,Mooinooi,41
958,2010/02/24,5,32,19,20,9,11,12,0,140669,3135,1424,85,69,10.5,0,3,122,227,4961,6095,77318,2781804,0,0,1000000,0,5567694,Dimakatso,34
957,2010/02/20,23,43,49,42,36,8,31,0,321924,8711,2610,153,120,10.5,0,2,67,189,4200,5362,82437,3872403.5,0,0,1000000,0,7748455,Mandlakazi,51
956,2010/02/17,23,18,40,9,49,26,29,0,0,7953,3046,176,118,10.5,0,0,68,156,3310,4931,60535,2816015.5,0,0,1000000,0,5641480.5,Mandlakazi,32
955,2010/02/13,9,31,47,36,45,24,1,0,688911,7347,2587,170,114,10.5,0,1,85,204,4044,5997,78929,4041046.5,0,0,1000000,0,8095932,Mooinooi,32
954,2010/02/10,23,13,21,19,5,29,47,953173,98343,2228,1014,56,62,10.5,1,3,112,179,5248,4740,82217,3130290.5,0,0,1000000,0,6265477,Mooinooi,44
953,2010/02/06,26,33,16,41,29,10,28,0,355193,4472,1896,105,99,10.5,0,2,144,287,6764,7112,103135,4395731.5,0,0,1000000,0,8804970,Mooinooi,43
952,2010/02/03,49,38,28,31,6,4,39,0,620342,8150,3047,160,136,10.5,0,1,69,156,3877,4557,72436,3658674,0,0,1000000,0,7318746,Mooinooi,39
951,2010/01/30,4,33,36,1,42,10,40,0,277996,7269,3132,163,112,10.5,0,3,104,204,5089,7430,102441,4966189.5,0,0,1000000,0,9945543,Mooinooi,38
950,2010/01/27,32,4,46,31,40,26,12,0,295577,11909,2462,213,114,10.5,0,2,45,184,2775,5170,57731,3366697.5,0,0,1000000,0,6737160,Dimakatso,50
949,2010/01/23,16,7,22,26,29,46,31,1419211,109819,3954,1351,79,69,10.5,1,4,94,200,5526,6296,96174,4381168,0,0,1000000,0,8777803,Dimakatso,51
948,2010/01/20,10,18,23,45,28,3,35,0,156196,4471,1951,103,96,10.5,0,3,95,184,4549,4863,72050,2944237,0,0,1000000,0,5892381,Mandlakazi,48
947,2010/01/16,28,43,12,34,29,46,5,0,740061,8282,2353,156,109,10.5,0,1,81,241,4727,6737,89095,4385218.5,0,0,1000000,0,8787462,Dimakatso,49
946,2010/01/13,13,34,25,31,47,49,46,0,0,9807,3952,194,159,10.5,0,0,61,133,3317,4065,60423,3048117.5,0,0,1000000,0,6103321.5,Tsakani,44
945,2010/01/09,9,13,10,17,42,45,49,0,945840,7588,2183,140,102,10.5,0,1,113,332,6753,9253,130815,5790823.5,0,0,1000000,0,11586745,Tsakani,50
944,2010/01/06,18,11,6,2,13,26,46,684186,423544,2715,1153,68,66,10.5,2,1,132,226,6142,6399,107941,4384244.5,0,0,1000000,0,8782824,Dimakatso,24
943,2010/01/02,36,19,28,15,2,11,21,1600186,123823,2524,853,63,52,10.5,1,4,166,357,7743,9454,126034,5121757,0,0,1000000,0,10266649,Dimakatso,45
942,2009/12/30,26,35,28,36,42,15,8,0,243756,6696,2067,145,104,10.5,0,3,99,271,5023,7013,90947,4366959.5,0,0,1000000,0,8744167,Mooinooi,48
941,2009/12/26,39,8,12,43,33,6,27,1667471,129030,3970,945,85,54,10.5,1,4,110,336,6071,9464,113159,5153071.5,0,0,1000000,0,10316677,Mooinooi,38
940,2009/12/23,24,7,28,40,31,46,2,0,233806,8048,2921,161,123,10.5,0,3,79,184,4330,5675,83739,4149088.5,0,0,1000000,0,8313829,Dimakatso,44
939,2009/12/19,22,17,21,18,45,40,37,1083587,670792,4577,1484,103,76,10.5,2,1,124,278,6477,8774,127032,6485857,0,0,1000000,0,12987549,Dimakatso,29
938,2009/12/16,48,33,9,36,40,10,17,0,130356,8011,1930,146,88,10.5,0,4,59,207,3565,5866,64910,3111836,0,0,1000000,0,6236262,Tsakani,40
937,2009/12/12,7,5,31,20,26,17,40,0,1033176,5711,1889,118,100,10.5,0,1,164,419,8742,10307,151377,6412985.5,0,0,1000000,0,12834768,Dimakatso,49
936,2009/12/09,19,47,1,37,36,41,4,0,812669,9095,2818,183,125,10.5,0,1,81,221,4427,6493,88723,4725499.5,0,0,1000000,0,9458229,Mooinooi,29
935,2009/12/05,41,45,21,28,20,22,47,0,455375,9600,2715,166,127,10.5,0,2,86,257,5460,7151,108753,5390548.5,0,0,1000000,0,10795501,Dimakatso,29
934,2009/12/02,20,9,18,44,17,32,41,1380153,427190,3346,1034,71,67,10.5,1,1,108,254,5993,6360,104531,4380545.5,0,0,1000000,0,8767312,Dimakatso,24
933,2009/11/28,43,2,49,30,20,28,38,0,517037,8012,2297,149,104,10.5,0,2,117,345,6911,9879,130864,6195170,0,0,1000000,0,12412401,Tsakani,32
932,2009/11/25,30,16,44,25,10,12,37,0,168915,5815,2087,124,98,10.5,0,3,79,186,4066,5119,74967,3147311.5,0,0,1000000,0,6310242,Tsakani,54
931,2009/11/21,20,25,12,40,33,27,49,0,159105,5151,1890,118,96,10.5,0,4,112,258,5373,6573,92234,3934431,0,0,1000000,0,7884784,Mooinooi,45
930,2009/11/18,39,26,21,30,25,45,46,0,122097,9035,3254,178,133,10.5,0,4,49,115,2742,3666,51882,2825728,0,0,1000000,0,5653920,Dimakatso,29
929,2009/11/14,23,33,18,30,28,1,43,1385860,142985,3299,510,69,46,10.5,1,3,110,517,6178,9193,99885,4339327.5,0,0,1000000,0,8696919,Tsakani,41
928,2009/11/11,29,15,11,23,38,26,48,1034359,320158,2736,891,72,58,10.5,1,1,99,221,4432,5454,76110,3256883,0,0,1000000,0,6523831,Mooinooi,27
927,2009/11/07,21,4,17,20,14,34,3,1439054,222710,3731,1079,76,60,10.5,1,2,101,254,5827,7362,103974,4511670,0,0,1000000,0,9036094.5,Tsakani,24
926,2009/11/04,27,16,36,23,21,15,3,0,290714,7529,2025,134,94,10.5,0,2,70,220,4310,6162,78686,3536929,0,0,1000000,0,7086325,Dimakatso,40
925,2009/10/31,40,12,46,25,19,7,36,1580085,163024,3364,1059,84,67,10.5,1,3,123,284,5797,7229,106513,4873362.5,0,0,1000000,0,9760989,Dimakatso,37
924,2009/10/28,14,28,16,19,12,22,32,1008702,78054,2147,741,57,49,10.5,1,4,123,259,5420,6286,86478,3301891,0,0,1000000,0,6619383,Tsakani,29
923,2009/10/24,47,10,16,40,49,3,11,0,391983,7106,2319,141,99,10.5,0,2,100,259,5541,7892,102587,4734939.5,0,0,1000000,0,9481129,Dimakatso,39
922,2009/10/21,8,32,20,34,25,39,43,1079093,334005,4486,1260,105,62,10.5,1,1,63,163,3175,5349,63558,3233468,0,0,1000000,0,6473260,Tsakani,51
921,2009/10/17,33,8,20,31,28,15,17,0,0,11260,2324,185,108,10.5,0,0,78,332,5130,8783,97258,4568671,0,0,1000000,0,9139674,Mooinooi,35
920,2009/10/14,2,17,1,24,32,20,11,1116207,172746,3143,808,75,45,10.5,1,2,93,263,4566,7517,81743,3505518.5,0,0,1000000,0,7031877,Ndyebokazi,25
919,2009/10/10,16,25,20,1,28,27,32,1643499,254351,4782,1476,88,71,10.5,1,2,90,212,5751,7099,108040,5040030,0,0,1000000,0,10095030,Mapula,45
918,2009/10/07,15,31,8,34,26,25,5,0,996198,7463,2175,153,98,10.5,0,1,121,351,6511,10110,120014,5909756,0,0,1000000,0,11830558,Mapula,38
917,2009/10/03,19,6,43,39,31,9,36,0,206328,6449,2342,119,113,10.5,0,6,174,405,10347,10868,174632,7601617,0,0,1000000,0,15237117,Khensani,51
916,2009/09/30,47,48,46,16,19,27,1,0,726124,7566,2367,141,113,10.5,0,1,87,235,5131,6373,97834,4411488,0,0,1000000,0,8840728,Khensani,25
915,2009/09/26,48,3,27,49,25,40,12,1644158,127226,4101,807,101,60,10.5,1,4,105,388,5023,8464,100445,4966618.5,0,0,1000000,0,9938673,Khensani,45
914,2009/09/23,43,37,45,2,49,3,6,0,565133,8988,3701,171,137,10.5,0,1,57,117,3304,4124,68554,3360255,0,0,1000000,0,6721254,Ndyebokazi,24
913,2009/09/19,37,48,10,5,16,30,9,723662,63997,3132,1072,81,56,10.5,2,7,121,257,5513,7861,101114,4498245,0,0,1000000,0,9015415,Khensani,25
912,2009/09/16,25,3,43,36,21,24,14,0,145641,9265,2086,162,97,10.5,0,4,57,214,3576,5950,70362,3452336,0,0,1000000,0,6922144,Khensani,37
911,2009/09/12,44,18,32,5,26,9,45,0,748694,4465,2608,123,115,10.5,0,1,152,220,6040,6480,103347,4574397.5,0,0,1000000,0,9167434.5,Ndyebokazi,26
910,2009/09/09,1,25,21,44,42,49,2,0,306781,7040,3177,150,121,10.5,0,2,79,148,4088,5055,74425,3646235.5,0,0,1000000,0,7297165.5,Mapula,25
909,2009/09/05,49,8,39,2,20,24,5,0,181904,5806,1997,142,87,10.5,0,5,142,349,6389,10364,118763,5486842.5,0,0,1000000,0,10994221.5,Ndyebokazi,54
908,2009/09/02,4,37,8,43,11,32,20,0,336131,8583,2500,152,111,10.5,0,2,71,206,4416,6003,84503,4021501.5,0,0,1000000,0,8057398,Ndyebokazi,24
907,2009/08/29,42,18,39,22,35,11,20,0,426162,7884,2655,137,121,10.5,0,2,98,246,6203,7006,110170,5132408,0,0,1000000,0,10279215,Ndyebokazi,26
906,2009/08/26,32,22,28,29,42,21,13,1255717,388674,4385,842,84,51,10.5,1,1,75,284,4624,7615,83177,3862533.5,0,0,1000000,0,7726323,Khensani,35
905,2009/08/22,47,20,39,9,45,6,33,1535412,95049,3793,1366,106,70,10.5,1,5,106,214,4456,6780,87726,4573098,0,0,1000000,0,9153733,Ndyebokazi,54
904,2009/08/19,43,48,25,45,14,20,8,0,0,12351,4042,257,157,10.5,0,0,54,145,2795,4581,59369,3313950.5,0,0,1000000,0,6636330,Khensani,48
903,2009/08/15,43,12,4,11,7,27,29,737898,76132,2147,652,48,45,10.5,2,6,180,431,9423,10132,142950,5009279,0,0,1000000,0,10029559,Ndyebokazi,40
902,2009/08/12,48,20,23,34,37,33,15,0,0,9832,3365,194,148,10.5,0,0,67,172,3666,4808,71113,3406998.5,0,0,1000000,0,6816796,Ndyebokazi,29
901,2009/08/08,11,7,20,6,9,36,25,0,143591,5562,1563,91,84,10.5,0,5,117,352,7859,8518,127759,4691035.5,0,0,1000000,0,9392829,Mapula,44
900,2009/08/05,12,5,31,46,4,44,48,0,645833,7053,2219,155,118,10.5,0,1,83,223,4165,5444,79050,3844061,0,0,1000000,0,7695876,Mapula,45
899,2009/08/01,44,42,35,31,34,16,30,0,1312929,7678,2858,162,105,10.5,0,1,155,352,8084,12467,153448,7738882,0,0,1000000,0,15492781,Mapula,53
898,2009/07/29,49,39,9,30,15,3,34,0,210777,5971,2079,117,122,10.5,0,3,96,233,5396,5169,89032,3886740,0,0,1000000,0,7779312,Ndyebokazi,54
897,2009/07/25,4,33,32,31,40,10,45,1644300,508950,4140,1527,100,84,10.5,1,1,104,205,5045,6011,100970,4966454,0,0,1000000,0,9950374,Ndyebokazi,48
896,2009/07/22,25,27,31,34,36,10,19,0,143488,6586,2232,179,105,10.5,0,4,79,197,3203,5435,63486,3344565,0,0,1000000,0,6697276.5,Mapula,50
895,2009/07/18,31,36,40,17,43,33,41,0,834929,5913,2057,144,109,10.5,0,1,128,311,5789,7654,105401,5006132.5,0,0,1000000,0,10016502,Khensani,29
894,2009/07/15,40,36,4,49,37,25,35,1352031,418485,4721,1471,116,77,10.5,1,1,75,175,3588,5381,69404,3941303,0,0,1000000,0,7895728,Ndyebokazi,34
893,2009/07/11,4,16,19,7,14,48,21,1475954,114210,2328,647,54,42,10.5,1,4,166,434,8418,10870,141145,4993174.5,0,0,1000000,0,9992398,Mapula,40
892,2009/07/08,14,44,19,5,2,16,23,1212868,187705,2968,891,69,49,10.5,1,2,107,259,5370,7576,95311,3879142.5,0,0,1000000,0,7777093,Mapula,38
891,2009/07/04,11,7,17,26,20,19,47,1149477,177895,1967,754,43,46,10.5,2,4,306,580,16260,15442,252597,8111536.5,0,0,1000000,0,16251937,Mapula,55
890,2009/07/01,11,35,17,2,34,48,23,1841508,142497,4507,890,91,55,10.5,1,4,107,394,6219,10349,117464,5612901,0,0,1000000,0,11235832,Ndyebokazi,39
889,2009/06/27,47,6,1,29,18,4,15,2303259,178228,3942,737,80,63,10.5,1,4,153,595,8826,11220,166625,7220314.5,0,0,1000000,0,14467026,Ndyebokazi,33
888,2009/06/24,27,42,3,2,20,17,40,0,136865,7298,1864,122,101,10.5,0,4,68,225,4455,5391,83430,3427140,0,0,1000000,0,6868515,Mapula,50
887,2009/06/20,25,42,38,21,17,3,13,1560121,120723,4393,856,96,54,10.5,1,4,93,347,4998,8840,97382,4728273,0,0,1000000,0,9474171,Khensani,27
886,2009/06/17,6,13,35,31,39,46,27,0,0,12014,3584,223,144,10.5,0,0,55,162,3200,4953,64827,3348893.5,0,0,1000000,0,6701163,Mapula,37
885,2009/06/13,19,43,4,39,47,24,23,0,0,9320,3403,174,135,10.5,0,0,96,231,5537,7120,101237,4668439.5,0,0,1000000,0,9356223,Mapula,34
884,2009/06/10,26,30,43,35,20,42,23,0,605911,9309,3544,197,133,10.5,0,1,59,131,3074,4542,62342,3483661,0,0,1000000,0,6971907,Mapula,53
883,2009/06/06,6,30,12,41,9,26,44,0,280456,5822,2568,138,117,10.5,0,3,131,251,6077,7182,111108,5094172,0,0,1000000,0,10196539,Ndyebokazi,52
882,2009/06/03,19,28,17,34,49,1,14,0,313651,5314,1946,114,83,10.5,0,2,107,247,5469,7509,94724,3917877,0,0,1000000,0,7851856,Khensani,24
881,2009/05/30,4,49,11,22,19,37,3,765404,236910,2140,901,58,51,10.5,3,3,281,485,12056,13805,191178,7455939,0,0,1000000,0,14949085,Khensani,45
880,2009/05/27,47,44,38,35,23,36,16,0,322237,5784,2743,144,123,10.5,0,2,101,180,4461,5236,74803,3794241.5,0,0,1000000,0,7593994,Mapula,50
879,2009/05/23,22,19,20,36,13,16,37,0,787916,9276,3144,142,122,10.5,0,1,77,192,5534,6454,108760,4821012,0,0,1000000,0,9647664,Ndyebokazi,48
878,2009/05/20,21,12,18,3,20,40,48,1099848,85107,3693,793,69,62,10.5,1,4,78,264,4914,5471,83931,3497225.5,0,0,1000000,0,6999925.5,Khensani,39
877,2009/05/16,16,36,45,9,15,12,27,0,156889,6904,1438,140,78,10.5,0,5,103,418,5601,10004,104915,4762700.5,0,0,1000000,0,6534517,Ndyebokazi,34
876,2009/05/13,11,2,14,31,33,10,43,0,543371,4975,1867,116,97,10.5,0,1,99,223,4670,5557,83702,3411857,0,0,1000000,0,6835983,Ndyebokazi,27
875,2009/05/09,39,29,9,26,21,45,13,0,274343,7853,2034,156,96,10.5,0,3,95,310,5251,8498,101584,4901200,0,0,1000000,0,9825129,Mapula,55
874,2009/05/06,19,25,6,28,36,15,49,0,232168,7257,2437,137,108,10.5,0,3,87,219,5061,6397,94075,4233586.5,0,0,1000000,0,8484981,Khensani,49
873,2009/05/02,2,29,19,17,10,33,22,1697118,175099,1852,608,51,42,10.5,1,3,240,531,10145,12467,157208,5681436,0,0,1000000,0,11382883,Khensani,45
872,2009/04/29,30,43,41,45,2,38,13,1322325,204645,7528,1019,106,72,10.5,1,2,46,247,3833,5671,71303,3892887.5,0,0,1000000,0,7794153,Khensani,54
871,2009/04/25,37,19,17,4,25,28,1,0,158617,4155,2005,100,85,10.5,0,5,173,303,7870,9286,123047,4987718.5,0,0,1000000,0,9996003,Mapula,44
870,2009/04/22,26,24,35,44,11,7,48,0,266427,4979,2072,108,95,10.5,0,2,97,197,4896,5578,82984,3354011,0,0,1000000,0,6722619,Khensani,25
869,2009/04/18,38,39,32,20,27,2,41,0,220940,10359,2853,173,128,10.5,0,6,116,356,7630,10301,155085,7809862.5,0,0,1000000,0,15645945,Khensani,37
868,2009/04/15,41,13,28,46,35,43,49,0,302828,11129,2116,161,100,10.5,0,3,74,329,5634,9070,104380,5338258,0,0,1000000,0,10682503,Mapula,35
867,2009/04/11,32,15,28,29,1,33,12,1832420,113435,4847,1187,96,65,10.5,1,5,99,294,5895,8640,108513,5495332.5,0,0,1000000,0,11004586,Mapula,55
866,2009/04/08,49,28,31,7,3,8,26,0,402453,5445,2234,119,107,10.5,0,2,134,276,6749,7520,127471,5097336.5,0,0,1000000,0,10199394,Khensani,33
865,2009/04/04,2,34,19,12,26,17,11,0,278689,4552,1536,102,77,10.5,0,4,222,556,10831,14413,176052,7042425,0,0,1000000,0,14115376,Ndyebokazi,24
864,2009/04/01,34,19,49,13,48,40,15,0,347424,11885,2802,169,132,10.5,0,2,53,190,4088,5243,85620,4139091,0,0,1000000,0,8291934,Suikerbossie,53
863,2009/03/28,6,8,22,14,3,40,12,2356195,243099,3132,753,73,49,10.5,1,3,197,596,9959,14741,172870,7415735,0,0,1000000,0,14850250,Suikerbossie,49
862,2009/03/25,9,42,49,3,16,17,29,0,135119,4536,910,84,51,7,0,4,108,455,6395,10476,116636,3332322,0,0,1000000,0,6684114,Ndyebokazi,45
861,2009/03/21,17,23,15,27,12,30,11,622552,48173,1462,520,44,31,7,2,8,223,456,8667,12135,145218,3967693,0,0,1000000,0,7962121,Ndyebokazi,44
860,2009/03/18,47,39,22,27,13,49,26,0,248736,2684,1664,67,72,7,0,2,168,229,7416,6820,112926,3107834,0,0,1000000,0,6230239,Khensani,40
859,2009/03/14,28,21,48,6,1,5,8,1359373,70126,2507,562,56,29,7,1,6,142,460,7435,14155,146189,4244821,0,0,1000000,0,8519852,Suikerbossie,35
858,2009/03/11,3,37,9,27,24,44,31,0,173556,2860,1500,72,72,7,0,3,165,266,7207,7211,119666,3267326,0,0,1000000,0,6541398,Ndyebokazi,51
857,2009/03/07,36,26,2,41,28,31,15,0,248260,5444,1761,105,75,7,0,3,124,324,7074,9930,121254,4326698,0,0,1000000,0,8658125,Suikerbossie,48
856,2009/03/04,38,2,19,29,20,23,13,0,99987,5035,1256,91,54,7,0,6,108,366,6591,10943,121997,3648080,0,0,1000000,0,7314754,Ndyebokazi,33
855,2009/02/28,32,29,42,1,33,30,19,0,201675,5625,1585,113,69,7,0,4,130,390,7111,11628,137804,4726603,0,0,1000000,0,9468542,Ndyebokazi,24
854,2009/02/25,33,45,16,5,28,30,15,0,185924,5006,1458,106,66,7,0,3,101,293,5249,8363,103233,3321555,0,0,1000000,0,6658095,Khensani,53
853,2009/02/21,48,4,45,33,6,39,19,1485828,153299,3970,658,69,38,7,1,3,98,430,6583,11996,128732,4428924,0,0,1000000,0,8877624,Khensani,37
852,2009/02/18,38,45,12,27,43,14,11,0,559866,5971,1915,101,75,7,0,1,85,224,5496,7440,102043,3323758,0,0,1000000,0,6661003,Khensani,51
851,2009/02/14,3,41,15,16,18,2,13,736981,65175,3216,662,60,37,7,2,7,120,424,7498,12175,143853,4504121,0,0,1000000,0,9032809,Khensani,52
850,2009/02/11,21,33,47,42,9,48,13,1101497,170469,2046,509,51,36,7,1,2,141,412,6667,9294,113840,3412110,0,0,1000000,0,6838987,Suikerbossie,29
849,2009/02/07,38,12,23,35,36,5,34,859013,132942,1092,739,54,41,7,3,6,618,664,14569,19047,253693,7883747,0,0,1000000,0,15823327,Khensani,54
848,2009/02/04,8,23,37,24,25,40,43,1952749,100737,2905,445,62,38,7,1,6,176,835,9649,15552,178987,5882149,0,0,1000000,0,11804627,Ndyebokazi,45
847,2009/01/31,6,11,24,15,14,36,5,0,464401,4876,1207,90,59,7,0,3,259,884,15447,23337,285213,8486679,0,0,1000000,0,17013590,Ndyebokazi,43
846,2009/01/28,43,17,37,40,2,24,8,576852,119033,2877,661,62,38,7,2,3,105,332,5684,9216,103537,3459715,0,0,1000000,0,6943350,Khensani,39
845,2009/01/24,16,36,11,44,25,14,12,0,879918,4382,1798,91,68,7,0,1,182,375,9594,12755,171374,5291704,0,0,1000000,0,10622772,Khensani,48
844,2009/01/21,6,30,13,11,23,38,12,1111119,0,3137,936,61,46,7,1,0,108,282,6331,8327,113659,3278713,0,0,1000000,0,6573823,Suikerbossie,54
843,2009/01/17,1,22,39,44,46,33,30,0,232832,3957,1597,81,75,7,0,3,160,335,8583,9206,135978,4204130,0,0,1000000,0,8431713,Ndyebokazi,24
842,2009/01/14,38,8,46,11,20,12,4,0,256409,4893,1466,100,56,7,0,2,95,268,5105,9057,97057,3067632,0,0,1000000,0,6151497,Khensani,50
841,2009/01/10,9,29,18,20,5,17,32,608259,125513,1841,513,43,32,7,2,3,173,451,8587,11729,150773,3942893,0,0,1000000,0,7903765,Ndyebokazi,41
840,2009/01/07,45,7,18,17,24,27,32,954146,59066,2048,545,39,31,7,1,5,122,333,7468,9361,123522,3126914,0,0,1000000,0,6272864,Khensani,29
839,2009/01/03,23,31,34,20,32,11,26,0,626421,5307,1638,99,67,7,0,1,107,293,6318,9255,119964,3759519,0,0,1000000,0,7533904,Ndyebokazi,36
838,2008/12/31,36,2,23,47,41,27,45,1266278,195971,3604,834,70,50,7,1,2,92,289,5523,7832,111908,3792380,0,0,1000000,0,7596608,Khensani,44
837,2008/12/27,29,27,22,49,33,10,18,0,566998,4630,1164,88,55,7,0,1,111,373,6424,10225,123311,3505964,0,0,1000000,0,7025407,Mapula,53
836,2008/12/24,27,48,36,13,26,1,3,598328,123464,2633,629,55,39,7,2,3,119,362,6629,9303,118330,3663795,0,0,1000000,0,7354984,Khensani,45
835,2008/12/20,1,13,31,49,25,8,27,1456431,112700,1986,514,49,35,7,1,4,192,539,9060,12723,152327,4521123,0,0,1000000,0,9067965,Khensani,38
834,2008/12/17,29,14,23,1,35,12,33,0,139904,6263,1531,101,64,7,0,4,81,280,5494,8706,105799,3348270,0,0,1000000,0,6711251,Mapula,55
833,2008/12/13,16,43,15,21,19,5,2,628018,72894,2681,698,51,38,7,3,8,184,514,11274,15043,207064,5915338,0,0,1000000,0,11870586,Ndyebokazi,26
832,2008/12/10,40,24,28,43,16,21,41,1154616,119127,2964,631,65,48,7,1,3,102,348,5425,7312,106946,3486136,0,0,1000000,0,6995416,Mapula,33
831,2008/12/06,22,17,46,15,13,33,39,0,292483,4142,1389,83,67,7,0,3,192,484,10457,12948,192600,5428636,0,0,1000000,0,10896861,Ndyebokazi,49
830,2008/12/03,26,31,6,32,41,14,11,1307872,134939,3142,790,67,41,7,1,3,109,315,5988,9838,110401,3881378,0,0,1000000,0,7773580,Ndyebokazi,52
829,2008/11/29,18,17,4,2,37,8,32,815015,168177,1940,555,41,34,7,2,3,220,559,12030,14568,200337,5262507,0,0,1000000,0,10566770,Khensani,40
828,2008/11/26,15,49,3,23,43,44,13,0,180297,3801,488,84,42,7,0,3,129,848,6429,12644,111682,3297902,0,0,1000000,0,6618621,Khensani,34
827,2008/11/22,25,35,13,1,39,27,31,0,217769,4486,1708,85,75,7,0,3,132,293,7661,8609,122265,3898618,1000000,0,1000000,0,7817390,Ndyebokazi,36
826,2008/11/19,32,17,22,16,48,41,43,1035833,106871,2379,818,60,43,7,1,3,114,241,5292,7371,100552,3163127,0,0,1000000,0,6340268,Mapula,50
825,2008/11/15,40,32,11,29,49,8,41,0,171137,4596,1391,96,72,7,0,4,135,377,7074,9458,139345,4164910,0,0,1000000,0,8348481,Khensani,53
824,2008/11/12,31,47,9,29,49,32,34,1038549,160727,4184,903,62,41,7,1,2,65,219,5170,7822,96615,3147267,0,0,1000000,0,6298082,Mapula,45
823,2008/11/08,15,40,24,11,43,18,49,0,375186,4122,1819,97,78,7,0,2,165,316,7693,9547,151056,4553585,0,0,1000000,0,9127614,Khensani,48
822,2008/11/05,31,6,42,19,1,33,36,0,603370,4927,1744,101,76,7,0,1,111,265,5953,7938,116782,3634442,0,0,1000000,0,7273920,Mapula,43
821,2008/11/01,13,43,42,2,38,30,5,0,811883,5219,1851,111,75,7,0,1,141,336,7290,10712,145351,4799745,0,0,1000000,0,9622608,Khensani,26
820,2008/10/29,10,46,19,4,39,47,49,0,296257,5654,1681,99,66,7,0,2,95,270,5950,8963,106256,3507914,0,0,1000000,0,7025116,Ndyebokazi,45
819,2008/10/25,42,16,49,37,18,15,45,1881798,582461,3139,909,67,49,7,1,1,157,394,8575,11847,170125,5661131,0,0,1000000,0,11342694,Mapula,47
818,2008/10/22,4,44,49,24,43,31,27,0,539969,6196,1675,97,75,7,0,1,79,247,5530,7135,101234,3223351,0,0,1000000,0,6463724,Ndyebokazi,52
817,2008/10/18,47,43,44,36,42,5,1,1403659,434466,3282,838,52,56,7,1,1,112,319,8327,7669,135334,4282837,0,0,1000000,0,8578769,Mapula,35
816,2008/10/15,12,40,10,27,39,34,46,0,277008,5022,2071,105,85,7,0,2,100,205,5262,6493,99327,3280475,0,0,1000000,0,6568305,Ndyebokazi,49
815,2008/10/11,6,38,26,1,35,43,36,0,184285,6616,2010,131,84,7,0,4,101,281,5624,8764,111255,4221871,0,0,1000000,0,8446750,Khensani,29
814,2008/10/08,18,23,38,48,15,42,30,0,192463,4290,1418,90,71,7,0,3,122,312,6378,8048,114431,3489630,0,0,1000000,0,6998204,Khensani,33
813,2008/10/04,21,12,18,25,48,40,41,0,757678,4769,1678,89,78,7,0,1,144,346,8493,9706,139686,4515749,0,0,1000000,0,9036711,Mapula,30
812,2008/10/01,48,5,44,22,47,6,29,0,585965,6724,2041,106,80,7,0,1,79,220,5484,7290,111052,3508049,0,0,1000000,0,7031044,Khensani,50
811,2008/09/27,29,16,14,18,8,34,12,1345458,75718,2129,492,48,33,7,2,11,331,1041,17351,25087,301209,8509867,0,0,1000000,0,17030813,Khensani,38
810,2008/09/24,36,49,43,35,27,16,17,945045,292514,2578,725,60,42,7,1,1,96,248,4863,6809,85934,2844143,0,0,1000000,0,5703295,Khensani,48
809,2008/09/20,4,13,46,32,2,18,17,1298274,401846,2956,818,59,43,7,1,1,115,302,6738,9257,126427,3967678,0,0,1000000,0,7952237,Suikerbossie,37
808,2008/09/17,17,38,41,46,34,4,36,0,525052,5471,1880,111,84,7,0,1,87,214,4700,6197,90191,3076934,0,0,1000000,0,6169711,Mapula,34
807,2008/09/13,12,21,40,18,47,42,2,0,668492,5135,1985,113,76,7,0,1,118,258,5881,8693,117401,3933580,0,0,1000000,0,7891204,Khensani,55
806,2008/09/10,22,21,34,48,46,33,39,1011646,104376,2623,887,60,48,7,1,3,101,217,5136,6426,99235,3093429,0,0,1000000,0,6206653,Khensani,30
805,2008/09/06,19,45,30,24,35,2,7,0,185387,6930,1410,116,64,7,0,4,97,403,6351,11431,124365,4320843,0,0,1000000,0,8671477,Suikerbossie,47
804,2008/09/03,17,21,12,28,49,27,13,0,186254,4443,1436,85,56,7,0,3,114,298,6541,9807,121317,3447588,0,0,1000000,0,6920524,Khensani,53
803,2008/08/30,10,39,6,31,32,15,25,0,117300,6766,1477,107,71,7,0,7,110,426,7644,11520,139633,4807821,0,0,1000000,0,9628736,Khensani,35
802,2008/08/27,9,23,10,41,2,24,27,0,283150,5292,1637,94,67,7,0,2,97,265,6019,8408,116012,3454635,0,0,1000000,0,6916703,Khensani,36
801,2008/08/23,1,7,14,22,5,16,10,0,38952,2198,689,52,36,7,0,16,257,693,11939,16925,179063,4149164,0,0,1000000,0,8331606,Mapula,50
800,2008/08/20,24,36,23,3,26,32,9,328901,101802,2778,666,61,35,7,3,3,93,282,4942,8556,97207,3019646,0,0,1000000,0,6059488,Mapula,44
799,2008/08/16,12,36,35,23,5,49,33,156573,109042,1902,573,54,34,7,9,4,194,468,8009,12469,136277,4292848,0,0,1000000,0,8618188,Mapula,33
798,2008/08/13,12,20,45,39,23,37,31,0,270165,4709,1925,114,85,7,0,2,104,215,4736,6302,91205,3157950,0,0,1000000,0,6326694,Mapula,37
797,2008/08/09,32,10,11,31,26,36,4,2445507,126157,3353,952,66,46,7,1,6,191,489,11333,16232,215755,7313335,0,0,1000000,0,14665846,Khensani,38
796,2008/08/06,15,44,2,32,38,16,36,0,197922,5850,2136,106,91,7,0,3,92,213,5601,6471,104648,3502037,0,0,1000000,0,7014302,Mapula,55
795,2008/08/02,39,19,27,8,34,44,43,475760,73629,1316,583,40,38,7,3,6,284,466,10929,11356,165795,4543729,0,0,1000000,0,9117706,Khensani,29
794,2008/07/30,31,10,22,48,24,43,35,1135481,351458,3304,1001,70,48,7,1,1,90,216,4957,7248,98712,3386393,0,0,1000000,0,6789022,Khensani,34
793,2008/07/26,45,16,29,26,21,35,30,0,46992,4672,1955,117,85,7,0,17,155,313,6799,9296,136183,4673863,0,0,1000000,0,9372687,Khensani,49
792,2008/07/23,6,44,26,2,4,9,32,1009017,0,2051,810,42,48,7,1,0,150,296,8318,7237,129279,3158112,0,0,1000000,0,6334648,Mapula,39
791,2008/07/19,36,14,21,22,12,31,18,0,118671,4965,1572,104,69,7,0,6,130,347,6844,10305,129852,4234745,0,0,1000000,0,8472407,Mapula,33
790,2008/07/16,42,5,24,22,19,44,10,0,202872,3492,1404,83,66,7,0,3,158,332,7312,9167,126809,3726061,0,0,1000000,0,7463339,Suikerbossie,35
789,2008/07/12,15,38,26,27,13,35,46,0,142936,5836,2043,96,79,7,0,5,111,268,7371,8952,136025,4276999,0,0,1000000,0,8583647,Khensani,37
788,2008/07/09,4,33,6,26,14,47,37,0,265815,3983,1741,85,82,7,0,2,121,234,6189,6443,109496,3241830,0,0,1000000,0,6501449,Mapula,54
787,2008/07/05,49,33,2,36,30,44,27,1301149,805473,2963,808,57,46,7,2,1,230,613,14053,17510,249501,7937553,0,0,1000000,0,15884910,Khensani,33
786,2008/07/02,4,5,3,24,46,45,1,1212488,125098,2967,577,64,18,7,1,3,107,400,5797,20044,109022,3631005,0,0,1000000,0,7300062,Khensani,44
785,2008/06/28,31,5,15,39,29,32,2,0,218448,5539,1743,110,51,7,0,4,143,384,7910,16930,155699,5158604,0,0,1000000,0,10346067,Khensani,36
784,2008/06/25,27,48,3,8,7,9,2,1012074,52210,1616,208,33,20,7,1,6,164,923,9349,15360,148136,3435011,0,0,1000000,0,6893304,Mapula,30
783,2008/06/21,4,23,28,45,49,38,1,1357535,210094,3203,788,60,46,7,1,2,111,328,6909,9017,129601,4128249,0,0,1000000,0,8278867,Suikerbossie,33
782,2008/06/18,29,28,7,33,46,16,23,0,492127,5187,1598,103,65,7,0,1,86,236,4763,7496,95298,2960252,0,0,1000000,0,5933490,Suikerbossie,51
781,2008/06/14,40,14,47,3,29,19,25,0,259276,4931,1712,90,80,7,0,3,143,348,8629,9680,152442,4696841,0,0,1000000,0,9403613,Ndyebokazi,41
780,2008/06/11,23,3,26,47,35,27,6,1200938,0,4068,1164,82,58,7,1,0,90,245,5078,7223,105525,3426243,0,0,1000000,0,6862726,Suikerbossie,55
779,2008/06/07,7,9,15,47,4,20,10,0,80266,3968,846,75,44,7,0,9,165,654,9540,16076,161975,4487067,0,0,1000000,0,9019028,Ndyebokazi,51
778,2008/06/04,19,44,46,22,11,24,41,0,287068,4034,1325,75,69,7,0,2,129,332,7618,8241,132135,3599346,0,0,1000000,0,7215652,Ndyebokazi,46
777,2008/05/31,37,25,31,22,26,24,46,1841554,0,4069,1330,67,65,7,1,0,138,329,9523,9856,154933,5203858,0,0,1000000,0,10427154,Suikerbossie,47
776,2008/05/28,38,40,4,23,13,5,16,0,379578,4557,1864,91,72,7,0,2,151,312,8284,10532,151487,4601388,0,0,1000000,0,9215747,Suikerbossie,34
775,2008/05/24,16,8,2,5,42,49,43,0,189236,3267,1779,74,72,7,0,4,210,326,10205,10416,173358,4741596,0,0,1000000,0,9501261,Mapula,42
774,2008/05/21,28,1,49,13,15,27,44,0,275377,4160,1546,88,75,7,0,2,120,273,6204,7252,112730,3350974,0,0,1000000,0,6725456,Mapula,46
773,2008/05/17,8,2,14,4,34,22,40,691786,107062,1065,593,32,40,7,2,4,340,444,13248,10509,184931,4576025,0,0,1000000,0,9177476,Ndyebokazi,39
772,2008/05/14,43,16,17,18,12,34,10,0,544912,3360,1480,77,63,7,0,1,147,282,7037,8561,122163,3392525,0,0,1000000,0,6802921,Suikerbossie,34
771,2008/05/10,36,47,12,5,37,3,39,1251663,774839,3021,873,64,48,7,2,1,217,546,12012,15980,237538,7608954,0,0,1000000,0,15246134,Ndyebokazi,35
770,2008/05/07,41,49,44,37,40,13,9,0,335322,3328,1566,81,74,7,0,3,274,492,12339,13590,198663,6084070,0,0,1000000,0,12182857,Suikerbossie,42
769,2008/05/03,10,26,44,42,48,32,19,0,198730,4619,1617,98,70,7,0,6,234,565,12071,16877,221358,7100685,0,0,1000000,0,14242806,Ndyebokazi,43
768,2008/04/30,5,11,26,43,39,17,25,0,264687,3966,1519,93,68,7,0,2,121,267,5646,7750,107137,3216870,0,0,1000000,0,6447356,Mapula,40
767,2008/04/26,9,34,47,5,8,16,26,1417657,109699,2320,692,57,37,7,1,4,160,390,7668,11624,148125,4401572,0,0,1000000,0,8824499,Ndyebokazi,41
766,2008/04/23,22,16,36,14,5,11,13,0,212672,3036,1405,68,59,7,0,2,127,232,6248,7102,104793,2714309,0,0,1000000,0,5442292,Ndyebokazi,35
765,2008/04/19,10,36,47,14,33,29,7,1425528,73539,3624,675,69,40,7,1,6,103,402,6373,10988,126277,4274580,0,0,1000000,0,8556108,Mapula,30
764,2008/04/16,3,48,32,33,40,45,42,0,162987,6156,1456,112,65,7,0,4,96,343,5814,9893,116069,3849028,0,0,1000000,0,7717955,Ndyebokazi,31
763,2008/04/12,15,26,19,39,13,38,1,0,153279,5263,1742,102,76,7,0,5,132,337,7478,10029,140122,4553979,0,0,1000000,0,9124315,Suikerbossie,29
762,2008/04/09,37,41,16,24,1,11,28,1201781,0,3424,1038,68,53,7,1,0,107,275,6119,7864,111880,3469643,0,0,1000000,0,6955473,Suikerbossie,44
761,2008/04/05,48,13,30,10,38,46,41,0,182787,2959,1867,93,81,7,0,4,224,300,7829,9011,135844,4362960,0,0,1000000,0,8734981,Mapula,29
760,2008/04/02,43,25,16,22,36,44,35,0,186904,7701,1918,123,78,7,0,3,66,224,4548,7176,92786,3267244,0,0,1000000,0,6538319,Suikerbossie,44
759,2008/03/29,1,19,10,11,27,28,9,1810276,43101,1443,341,38,24,7,2,26,657,2020,29311,45699,454527,11770332,0,0,1000000,0,23604103,Mapula,39
758,2008/03/26,5,39,7,3,45,44,15,0,169338,5117,1447,105,62,7,0,3,90,269,4832,8109,101077,3075444,0,0,0,1000000,6162877,Ndyebokazi,34
757,2008/03/22,33,15,21,7,14,39,43,0,96272,2667,1073,68,59,7,0,7,229,481,9801,11419,158760,4252269,0,0,1000000,0,8520811,Ndyebokazi,38
756,2008/03/19,38,33,32,25,24,43,28,0,0,6992,1787,133,82,7,0,0,80,275,4515,7337,88475,2872239,0,0,1000000,0,5759276,Ndyebokazi,41
755,2008/03/15,27,9,11,30,4,39,28,0,155590,3891,1563,82,70,7,0,4,145,305,7512,8790,136255,3848339,0,0,1000000,0,7724039,Suikerbossie,42
754,2008/03/12,26,9,24,10,5,11,7,898328,69513,1600,326,38,20,7,1,4,147,524,7257,13411,106026,2868572,0,0,1000000,0,5762118,Ndyebokazi,26
753,2008/03/08,46,17,26,6,4,19,27,1223471,126231,2523,650,52,38,7,1,3,127,358,7217,9888,125450,3784463,0,0,1000000,0,7582355,Ndyebokazi,37
752,2008/03/05,7,36,26,34,4,20,39,0,0,5898,2715,113,112,7,0,0,99,189,5572,5615,102172,3070757,0,0,1000000,0,6149323,Mapula,40
751,2008/03/01,33,26,45,49,32,41,7,0,226468,5007,1712,101,71,7,0,3,123,304,6721,9448,125434,4043380,0,0,1000000,0,8105664,Mapula,42
750,2008/02/27,10,24,32,8,48,40,11,996852,61709,327,675,54,41,7,1,5,797,281,5642,7500,93838,3024725,0,0,1000000,0,6060650,Mapula,29
749,2008/02/23,33,13,41,20,10,18,45,0,151445,4653,1271,88,72,7,0,4,118,365,6869,8334,125334,3700607,0,0,1000000,0,7416174,Khensani,34
748,2008/02/20,21,49,14,16,37,13,31,0,226936,6636,1602,95,69,7,0,2,62,217,4742,6496,87690,2725482,0,0,1000000,0,5469455,Khensani,38
747,2008/02/16,8,4,6,41,11,48,42,0,305775,5230,1977,89,78,7,0,2,106,237,6848,7742,128688,3748643,0,0,1000000,0,7517062,Mapula,37
746,2008/02/13,28,45,25,18,40,6,7,475600,294419,2491,915,60,44,7,2,1,100,198,4859,6547,85602,2854711,0,0,1000000,0,5727955,Mapula,42
745,2008/02/09,33,7,10,37,39,35,24,1281981,132267,2869,868,56,44,7,1,3,117,281,7059,8968,123250,3911009,0,0,1000000,0,7830172,Khensani,44
744,2008/02/06,14,9,36,24,47,46,21,1005077,311095,3463,924,70,48,7,1,1,76,207,4400,6379,88970,3007610,0,0,1000000,0,6031661,Suikerbossie,34
743,2008/02/02,34,4,21,3,12,45,8,1332903,137521,2237,786,55,38,7,1,3,156,323,7371,10591,132582,4084253,0,0,1000000,0,8203308,Khensani,37
742,2008/01/30,33,42,7,17,23,44,45,173141,133978,815,454,22,33,7,5,2,278,363,11969,8077,132298,2980978,0,0,1000000,0,5974587,Suikerbossie,30
741,2008/01/26,24,48,35,5,25,34,21,0,171379,4470,1889,102,79,7,0,4,139,278,6692,8674,125636,4079270,0,0,1000000,0,8165623,Suikerbossie,43
740,2008/01/23,15,31,40,47,6,35,14,0,234325,6247,2565,121,94,7,0,2,68,140,3857,4947,73559,2699174,0,0,1000000,0,5409740,Mapula,42
739,2008/01/19,27,2,20,4,26,24,43,1212906,93855,2318,942,50,47,7,1,4,137,245,7453,7891,131131,3798126,0,0,1000000,0,7611578,Mapula,29
738,2008/01/16,36,37,1,31,21,40,42,0,163379,6732,2455,135,100,7,0,3,66,153,3620,4894,76157,2821263,0,0,1000000,0,5646944,Suikerbossie,37
737,2008/01/12,34,5,40,14,22,26,30,0,307997,4577,1662,102,69,7,0,2,122,284,6038,8894,112443,3663059,0,0,1000000,0,7331158,Khensani,38
736,2008/01/09,15,27,24,2,14,32,40,0,123440,3961,1525,86,74,7,0,4,113,248,5702,6662,101724,3014981,0,0,1000000,0,6038725,Suikerbossie,43
735,2008/01/05,34,41,44,29,11,17,13,0,123175,3824,1360,79,64,7,0,5,146,347,7741,9576,128497,3769981,0,0,1000000,0,7554800,Mapula,37
734,2008/01/02,11,17,7,46,42,15,13,0,107271,4576,1034,81,54,7,0,4,85,318,5236,7837,102402,2710984,0,0,1000000,0,5443764,Mapula,40
733,2007/12/29,4,2,24,23,21,5,47,1160385,359166,2095,920,48,49,7,1,1,145,240,7439,7313,138924,3732003,0,0,1000000,0,7470580,Mapula,41
732,2007/12/26,39,16,23,42,12,26,17,0,193470,3941,1620,92,68,7,0,2,89,183,4190,5613,76480,2336673,0,0,1000000,0,4686995,Khensani,29
731,2007/12/22,14,32,21,9,5,20,48,0,335044,4745,1770,88,76,7,0,2,128,290,7583,8737,135070,4076781,0,0,1000000,0,8153502,Khensani,36
730,2007/12/19,22,1,42,12,30,26,24,517739,160252,2421,632,55,37,7,2,2,112,312,5803,8533,103695,3185069,0,0,1000000,0,6382578,Mapula,39
729,2007/12/15,36,15,40,12,46,14,1,0,183556,5282,1875,109,83,7,0,4,126,300,6706,8809,129990,4334327,0,0,1000000,0,8682153,Khensani,27
728,2007/12/12,45,14,29,33,4,31,22,0,531781,6886,1277,113,62,7,0,1,70,319,4675,8466,92704,3123259,0,0,1000000,0,6267776,Khensani,36
727,2007/12/08,29,10,3,19,43,49,23,267715,37665,2062,681,50,35,7,5,11,170,374,8174,11540,142790,4170254,0,0,1500000,0,8373233,Mapula,34
726,2007/12/05,11,47,14,19,48,26,4,0,279495,5224,1359,106,63,7,0,2,97,315,5272,8792,104083,3335112,0,0,0,0,6681386,Khensani,39
725,2007/12/01,22,20,10,41,35,4,5,0,376246,4487,1629,99,68,7,0,2,152,354,7555,10949,135848,4454595,0,0,1000000,0,8934526,Khensani,26
724,2007/11/28,6,19,15,30,32,13,14,1044020,323149,3142,747,57,42,7,1,1,87,266,5628,7676,104113,3214553,0,0,1000000,0,6429106,Khensani,32
723,2007/11/24,35,42,29,9,49,7,39,0,695531,5343,1219,88,58,7,0,1,118,437,7892,11898,142660,4248765,0,0,1000000,0,8497530,Ndyebokazi,41
722,2007/11/21,5,37,25,49,40,39,34,966129,27185,1833,832,54,52,7,1,11,138,221,5507,5722,95090,2962542,0,0,1000000,0,5931875,Khensani,30
721,2007/11/17,42,21,4,34,44,23,32,0,57471,4530,1129,90,59,7,0,12,138,468,7661,11542,136004,4165660,0,0,1000000,0,8349474,Suikerbossie,39
720,2007/11/14,4,16,33,9,17,32,27,500846,310047,2384,572,53,35,7,2,1,110,333,5788,8683,109338,3140490,0,0,1000000,0,6300701,Ndyebokazi,40
719,2007/11/10,21,47,34,1,14,33,18,1409574,218148,2444,900,59,45,7,1,2,151,298,7327,9536,141321,4333774,0,0,1000000,0,8690752,Suikerbossie,41
718,2007/11/07,21,1,17,33,44,6,24,0,586614,4323,1330,101,67,7,0,1,123,338,5793,8643,112562,3519991,0,0,0,0,7058248,Ndyebokazi,28
717,2007/11/03,15,43,5,26,48,27,32,0,142375,5957,1897,109,83,7,0,6,130,345,7830,10270,150434,5042043,0,0,1000000,0,10089749,Ndyebokazi,40
716,2007/10/31,7,48,11,38,9,22,34,1094884,169446,1297,489,36,33,7,1,2,221,426,9275,10161,148780,3639400,0,0,1000000,0,7296655,Khensani,35
715,2007/10/27,44,12,21,4,48,5,27,1455431,90098,2782,698,57,40,7,1,5,137,397,7903,11138,151068,0,0,0,1500000,0,9045579,Khensani,32
714,2007/10/24,27,17,47,38,23,11,42,857089,265289,1420,408,34,34,7,1,1,158,400,7640,7712,112285,2817901,0,0,1000000,0,5653367,Mapula,30
713,2007/10/20,49,28,9,47,44,38,27,0,93567,3472,1167,77,60,7,0,7,171,430,8419,10881,137490,4023051,0,0,0,0,8046102,Ndyebokazi,26
712,2007/10/17,13,27,26,10,40,17,9,0,0,5397,952,94,35,7,0,0,113,563,6993,18743,117589,3282307,0,0,0,0,6574920,Khensani,31
711,2007/10/13,17,26,48,10,38,9,4,0,255625,3961,1377,95,68,7,0,4,234,569,10740,14837,195087,6143655,0,0,0,0,12287310,Khensani,26
710,2007/03/31,41,11,13,48,37,21,32,1398500,143723,2942,869,58,45,7,1,3,124,305,7426,9477,138887,4288904,0,0,0,0,8577808,B,21
709,2007/03/28,12,25,37,41,49,42,21,0,200138,6532,2077,118,90,7,0,3,82,218,4977,6500,96303,3435231,0,0,1500000,0,6870465,A,19
708,2007/03/24,9,4,42,16,2,37,22,1483968,226665,2645,704,53,36,7,1,2,145,396,8408,12276,157411,4589044,0,0,0,0,9178089,A,21
707,2007/03/21,9,8,33,36,46,34,17,0,520370,4233,1522,105,61,7,0,1,111,261,4926,8485,97768,3106666,0,0,1500000,0,6213332,A,14
706,2007/03/17,41,37,32,9,22,33,19,0,96525,5380,1314,92,61,7,0,8,128,443,8204,12337,152487,4617676,0,0,1000000,0,9235367,B,22
705,2007/03/14,47,2,15,39,7,23,16,0,140265,1721,1506,86,70,7,0,4,290,280,6355,7779,108601,3333097,0,0,1500000,0,6666201,A,18
704,2007/03/10,30,34,44,35,29,11,48,0,196724,4425,1882,97,77,7,0,4,159,316,7924,10041,150299,4679061,0,0,1000000,0,9358125,A,22
703,2007/03/07,12,17,42,34,18,15,41,0,582640,6072,1685,85,80,7,0,1,86,262,6712,7190,124190,3561352,0,0,1500000,0,7122705,B,23
702,2007/03/03,5,19,35,49,1,7,2,685101,41931,1171,345,35,24,7,5,25,757,1865,29594,42676,442108,11158422,0,0,1000000,0,22316852,B,22
701,2007/02/28,38,40,11,19,17,27,22,1183281,181132,1075,560,46,34,7,1,2,285,398,7780,10411,133498,3721140,0,0,2000000,0,7442280,A,15
700,2007/02/24,28,40,23,15,44,18,39,0,393349,5217,1746,100,78,7,0,2,135,341,7739,9881,148299,4669090,0,0,1000000,0,9338181,B,17
699,2007/02/21,48,42,27,1,33,2,11,1228597,188404,2952,565,58,32,7,1,2,108,410,6410,11590,117253,3719302,0,0,0,0,7438605,A,16
698,2007/02/17,41,17,38,47,44,18,6,1597201,0,3163,1129,69,54,7,1,0,153,334,8035,10118,144323,4569274,0,0,1000000,0,9138548,A,23
697,2007/02/14,21,10,18,8,6,15,27,1051683,53844,1656,509,36,32,7,1,6,165,390,8821,10034,130632,3399565,0,0,1500000,0,6799131,A,15
696,2007/02/10,1,24,19,30,16,42,29,0,371854,4671,1568,90,68,7,0,2,141,355,7999,10537,153257,4468184,0,0,1000000,0,8936368,A,22
695,2007/02/07,11,1,3,13,22,43,33,541980,25211,1566,198,36,17,7,2,13,177,1018,8870,18317,138604,3491386,0,0,1500000,0,6982773,B,18
694,2007/02/03,26,32,40,20,25,18,29,0,201710,5766,1413,97,71,7,0,4,125,431,8117,11147,150489,4768802,0,0,1000000,0,9537609,A,23
693,2007/01/31,42,25,24,2,30,6,44,0,311953,6186,2134,106,85,7,0,2,91,223,5835,7302,114218,3701420,0,0,1500000,0,7402842,A,17
692,2007/01/27,43,48,8,30,4,27,46,0,603236,4982,1811,94,78,7,0,2,218,507,12684,15336,239031,7272446,0,0,1000000,0,14544893,B,16
691,2007/01/24,3,43,25,47,8,17,35,1045567,107199,2543,794,57,45,7,1,3,107,249,5589,7073,104178,3203075,0,0,2000000,0,6406150,B,17
690,2007/01/20,29,33,14,38,1,25,5,0,252086,5378,1796,112,72,7,0,3,126,319,6627,10340,127946,4389136,0,0,1000000,0,8778276,A,19
689,2007/01/17,48,30,44,9,32,29,2,1165040,0,3729,1078,81,54,7,1,0,95,256,4984,7522,96456,3280347,0,0,1500000,0,6560694,B,17
688,2007/01/13,46,35,25,14,15,9,2,707218,216403,2092,834,51,45,7,2,2,175,319,8328,9448,138364,4297824,0,0,1000000,0,8595650,B,16
687,2007/01/10,27,21,43,12,32,20,40,0,191259,5091,1484,100,75,7,0,3,100,290,5563,7399,105185,3360757,0,0,1500000,0,6721518,B,23
686,2007/01/06,42,47,37,24,27,8,31,1455434,447758,2177,732,49,47,7,1,1,174,376,9068,9420,147612,4477578,0,0,1000000,0,8955156,B,24
685,2007/01/03,28,26,32,19,2,45,44,0,585122,6010,2009,111,81,7,0,1,87,220,5155,7079,100478,3398922,0,0,1500000,0,6797845,B,15
684,2006/12/30,39,7,40,46,42,41,36,0,481029,3919,1687,88,78,7,0,2,221,434,10795,12241,170497,5658552,0,0,1000000,0,11317105,B,24
683,2006/12/27,28,35,48,13,27,7,10,0,550705,3393,1405,80,64,7,0,1,146,298,6806,8508,124256,3423557,0,0,1500000,0,6847114,A,13
682,2006/12/23,19,35,41,47,26,15,32,851165,87425,2723,800,70,52,7,2,6,163,403,7432,10032,139726,5013115,0,0,1000000,0,10026232,B,20
681,2006/12/20,37,16,9,49,1,14,20,0,631432,5148,1740,89,69,7,0,1,110,275,7015,8967,123932,3786794,0,0,1500000,0,7573589,B,19
680,2006/12/16,2,19,36,1,42,44,39,1719752,176852,2841,1020,65,51,7,1,3,158,320,8140,10324,159246,5195932,0,0,1000000,0,10391864,A,17
679,2006/12/13,1,43,14,35,45,17,47,0,161959,5628,2239,124,85,7,0,4,104,221,5202,7579,107033,3766461,0,0,1500000,0,7532925,A,15
678,2006/12/09,5,32,22,37,6,23,29,1557045,120059,2764,923,56,42,7,1,4,147,320,8494,11417,157182,4794401,0,0,1000000,0,9588802,B,14
677,2006/12/06,45,35,17,37,23,31,13,0,211300,5411,1267,96,65,7,0,3,105,379,6497,9583,106863,3676896,0,0,1500000,0,7353796,B,15
676,2006/12/02,22,5,36,31,43,48,38,2954108,151489,3165,861,70,49,7,1,6,243,649,12911,18309,247844,8726745,0,0,1000000,0,17453491,B,13
675,2006/11/29,48,27,45,40,35,20,7,1288421,132272,2997,827,64,46,7,1,3,112,295,6187,8513,105624,3791800,0,0,2000000,0,7583600,A,8
674,2006/11/25,47,33,20,13,23,8,19,739403,227017,1555,598,36,34,7,2,2,247,467,12296,13345,184969,4787360,0,0,1500000,0,9574723,A,18
673,2006/11/22,39,4,22,45,19,3,6,1152390,0,3793,1096,69,49,7,1,0,92,248,5723,8121,111970,3349760,0,0,1500000,0,6699520,A,20
672,2006/11/18,34,18,13,1,5,7,49,0,237726,2604,1105,59,53,7,0,3,242,482,11623,12956,184842,4542275,0,0,1000000,0,9084554,B,12
671,2006/11/15,46,41,11,26,37,31,9,0,206571,3980,1861,103,81,7,0,3,140,253,5955,7544,98960,3564895,0,0,1500000,0,7129794,B,20
670,2006/11/11,33,22,41,23,5,38,35,1105732,341232,2636,798,55,44,7,2,2,219,526,12320,15481,237837,6914583,0,0,1000000,0,13829168,B,17
669,2006/11/08,22,20,34,4,30,2,48,0,180926,4394,1618,87,72,7,0,5,186,427,10344,12514,187078,5523282,0,0,2000000,0,11046567,B,15
668,2006/11/04,49,18,20,32,8,43,42,2407899,245043,1732,571,49,34,7,1,3,359,792,14763,21012,246569,7380826,0,0,1500000,0,14761653,B,14
667,2006/11/01,27,21,36,5,38,41,9,0,224313,6140,1778,125,76,7,0,3,99,289,5350,8820,108188,3891027,0,0,2000000,0,7782058,A,16
666,2006/10/28,29,14,27,49,13,21,3,1562136,96042,1568,558,56,33,7,1,5,259,529,8511,14354,159605,4811173,0,0,1000000,0,9622346,B,22
665,2006/10/25,13,45,31,40,32,23,26,1116290,114236,2230,1109,56,53,7,1,3,130,190,6065,6358,105801,3376829,0,0,1500000,0,6753658,A,16
664,2006/10/21,6,20,48,19,43,47,2,0,241779,5020,1756,106,77,7,0,3,130,314,6783,9294,130070,4274447,0,0,1000000,0,8548896,B,18
663,2006/10/18,31,42,10,2,25,26,3,0,598783,4831,1064,98,76,7,0,1,111,426,6013,7718,106235,3507775,0,0,1500000,0,7015550,A,18
662,2006/10/14,5,43,8,23,40,45,47,0,387336,5414,1703,103,69,7,0,2,128,344,7361,11026,141367,4562042,0,0,1000000,0,9124087,A,22
661,2006/10/11,45,3,35,26,32,41,16,0,202031,5909,1963,117,86,7,0,3,92,234,5092,6947,92083,3446850,0,0,1500000,0,6893705,A,18
660,2006/10/07,13,35,44,33,48,26,36,0,156091,4664,1411,93,68,7,0,5,150,419,8222,11330,152187,4671659,0,0,1000000,0,9343325,B,21
659,2006/10/04,23,19,5,39,3,9,27,0,83911,2216,656,56,39,7,0,7,234,668,10131,14405,153247,3745989,0,0,1500000,0,7491990,A,17
658,2006/09/30,7,16,13,32,36,17,9,0,213254,4549,1308,84,55,7,0,4,167,491,9962,14992,184664,5208943,0,0,1000000,0,10417888,B,15
657,2006/09/27,44,46,40,15,7,28,34,0,148619,3805,1542,101,59,7,0,4,139,290,5758,9740,105086,3462371,0,0,1500000,0,6924743,B,17
656,2006/09/23,26,2,44,9,41,15,22,1757242,134810,2563,691,59,41,7,1,4,178,480,9034,12942,162755,5287289,0,0,1000000,0,10574578,B,21
655,2006/09/20,12,42,33,8,6,35,23,0,0,6987,1495,121,64,7,0,0,112,456,6931,13004,132085,4059766,0,0,1500000,0,8119730,B,16
654,2006/09/16,17,21,30,49,18,5,42,0,444504,5269,1691,93,74,7,0,2,150,395,9283,11668,177317,5315273,0,0,1500000,0,10630548,A,17
653,2006/09/13,27,8,29,38,24,45,34,0,116360,5186,1804,90,70,7,0,5,100,243,6311,8093,105545,3412087,0,0,0,0,6824176,B,22
652,2006/09/09,42,39,12,3,6,23,27,1770295,67935,2179,512,51,36,7,1,8,211,653,10460,14980,178315,5428825,0,0,1000000,0,10857650,A,15
651,2006/09/06,19,33,1,29,25,31,38,0,304335,4642,2067,84,81,7,0,2,118,224,7181,7418,126496,3708968,0,0,1500000,0,7417938,A,21
650,2006/09/02,27,37,18,49,32,2,14,0,225172,4072,1524,86,69,7,0,4,198,447,10337,12740,183212,5438698,0,0,0,0,10877396,B,13
649,2006/08/30,49,40,25,26,19,37,15,0,157632,6095,1844,112,81,7,0,4,92,257,5484,7545,105575,3629554,0,0,1500000,0,7259113,A,19
648,2006/08/26,35,20,13,3,1,12,6,2604793,66759,2557,554,49,33,7,1,12,265,889,16244,23954,289178,8186696,0,0,1000000,0,16373393,A,17
647,2006/08/23,36,44,4,39,17,21,2,1130779,173575,3539,886,71,50,7,1,2,83,241,4857,6807,96473,3345700,0,0,2000000,0,6691401,A,8
646,2006/08/19,11,39,48,15,23,4,5,1504815,230924,2368,802,56,40,7,1,2,165,354,8215,11284,148151,4589748,0,0,1000000,0,9179496,B,20
645,2006/08/16,31,11,29,3,30,6,43,1517227,92854,1769,693,46,42,7,1,5,222,412,9931,10828,171960,4775053,0,0,1500000,0,9550106,B,17
644,2006/08/12,40,19,26,2,32,16,29,912303,93384,2469,705,56,40,7,2,6,192,489,9835,13890,180032,5570287,0,0,1500000,0,11140574,A,20
643,2006/08/09,8,49,48,15,32,46,6,0,708997,5793,2056,96,79,7,0,1,110,262,7272,8884,135430,4232857,0,0,2000000,0,8465715,B,21
642,2006/08/05,29,48,46,9,8,17,23,0,201015,4360,1558,88,63,7,0,4,164,388,8934,12330,159675,4804311,0,0,1500000,0,9608625,B,18
641,2006/08/02,12,43,42,34,22,5,9,1190635,73011,1860,358,48,35,7,1,5,166,626,7539,10220,121452,3658294,0,0,1500000,0,7316588,A,13
640,2006/07/29,18,17,35,12,47,1,13,0,256378,6317,1786,114,73,7,0,5,181,541,10970,17147,221880,7446964,0,0,1000000,0,14893933,B,18
639,2006/07/26,37,49,24,21,22,41,12,0,686167,6187,1257,120,70,7,0,1,100,416,5687,9704,117276,4010431,0,0,2000000,0,8020863,B,22
638,2006/07/22,17,12,31,39,49,48,13,0,388176,4870,1828,108,76,7,0,2,143,322,7097,10033,137874,4555480,0,0,1000000,0,9110962,A,15
637,2006/07/19,22,29,36,33,4,20,31,0,751017,6434,2584,112,94,7,0,1,107,236,6587,7811,120496,4364729,0,0,0,0,6932660,B,19
636,2006/07/15,44,30,4,31,23,19,13,1465970,64334,2337,519,55,33,7,1,7,163,533,8096,13485,149288,4509167,0,0,0,2000000,9018335,B,16
635,2006/07/12,47,25,31,29,7,41,24,0,284863,5257,1814,101,82,7,0,2,98,240,5619,6928,104620,3388227,0,0,1500000,0,6776456,B,22
634,2006/07/08,18,33,5,11,40,31,4,0,379990,4068,1270,82,60,7,0,2,167,452,9058,12430,158351,4610389,0,0,1000000,0,9220779,A,20
633,2006/07/05,8,1,43,38,10,26,5,1196735,73723,2835,774,66,38,7,1,5,110,293,5569,9578,107430,3587510,0,0,1500000,0,7175020,B,19
632,2006/07/01,14,41,47,34,1,15,3,2768528,142206,3487,888,65,47,7,1,6,207,591,13108,17936,236261,8217220,0,0,1000000,0,16434441,B,14
631,2006/06/28,49,44,13,33,20,22,17,0,278229,2342,1257,66,65,7,0,2,214,337,8371,8472,123002,3445435,0,0,2000000,0,6890872,A,17
630,2006/06/24,15,46,21,3,24,40,39,1911536,84063,2878,930,65,51,7,1,7,173,389,9038,11361,173803,5743143,0,0,1000000,0,11486286,A,24
629,2006/06/21,5,35,46,13,21,39,37,1337122,137457,1896,795,50,47,7,1,3,184,319,8205,8721,125926,4053581,0,0,2000000,0,8107163,B,14
628,2006/06/17,45,13,20,24,6,7,19,0,200270,5303,1325,97,60,7,0,4,136,460,8202,13177,156355,4812487,0,0,1500000,0,9624980,B,13
627,2006/06/14,32,6,46,36,4,8,11,0,134592,4654,1598,95,63,7,0,4,104,256,5599,8439,106130,3237944,0,0,1500000,0,6475893,B,18
626,2006/06/10,30,3,32,45,7,22,25,0,246988,3812,1654,89,71,7,0,3,174,339,8154,10267,150371,4472218,0,0,1000000,0,8944441,A,24
625,2006/06/07,19,17,44,27,36,29,5,0,126335,4647,1617,98,81,7,0,6,150,381,7609,9258,125244,4443425,0,0,1500000,0,7155890,B,22
624,2006/06/03,7,5,20,2,10,36,41,712144,145685,1117,753,32,46,7,2,3,331,357,13508,9344,196183,4735252,0,0,0,2000000,9470507,A,18
623,2006/05/31,40,10,32,49,27,20,19,1275719,0,2156,943,55,50,7,1,0,179,319,8011,8716,119647,3676394,0,0,0,0,7352789,B,17
622,2006/05/27,20,18,25,3,11,29,33,1251585,110013,1916,567,45,34,7,2,7,340,835,16990,22386,288010,7939890,0,0,1000000,0,15879782,A,21
621,2006/05/24,3,33,1,36,9,19,2,485184,73741,1217,404,32,26,7,2,4,205,449,8965,10995,129420,3174903,0,0,2000000,0,6349808,B,14
620,2006/05/20,4,33,6,49,14,11,15,1344772,137327,2112,655,46,39,7,1,3,165,387,8865,10323,152534,4236843,0,0,1000000,0,8473686,B,21
619,2006/05/17,6,41,24,22,19,44,12,2000000,207521,3080,640,66,37,7,1,2,114,399,6255,11175,127344,4739235,0,0,1500000,0,8168101,B,13
618,2006/05/13,42,38,45,41,19,7,14,0,265674,5700,1641,101,71,7,0,3,124,364,7651,10843,144460,4654970,0,0,0,2000000,9309944,A,21
617,2006/05/10,29,47,43,6,12,31,4,0,155955,4874,1651,106,75,7,0,4,115,287,5804,8219,105945,3631431,0,0,1500000,0,7262869,A,17
616,2006/05/06,45,9,36,48,23,42,30,1586859,122501,2512,832,61,48,7,1,4,165,362,8011,10168,144942,4783856,0,0,1000000,0,9567712,B,22
615,2006/05/03,14,3,37,48,19,6,11,0,187924,4267,1451,83,62,7,0,5,198,492,11220,14936,183612,5640954,0,0,0,0,11281917,B,20
614,2006/04/29,17,44,11,2,40,29,16,2491208,384558,2493,769,50,40,7,1,2,261,615,15315,19165,267664,7789930,0,0,2000000,0,15579860,B,18
613,2006/04/26,8,45,44,6,42,12,34,1172325,90115,2629,890,64,44,7,1,4,116,249,5575,8105,111384,3552467,0,0,2000000,0,7104934,A,17
612,2006/04/22,2,4,16,31,40,33,17,1436380,88643,3713,839,69,46,7,1,5,101,325,6418,9549,128980,4312239,0,0,1000000,0,8624478,A,17
611,2006/04/19,37,26,49,4,10,5,22,0,188906,5228,1922,111,79,7,0,3,97,223,5037,6995,99327,3309441,0,0,1500000,0,6618884,B,19
610,2006/04/15,39,2,42,31,48,8,1,1382475,427610,3289,1065,59,52,7,1,1,110,247,7238,8218,130506,4202850,0,0,1000000,0,8405701,A,19
609,2006/04/12,13,23,7,22,36,28,9,0,137506,2840,974,65,51,7,0,4,175,431,8427,10738,144423,3573172,0,0,1500000,0,7146345,B,20
608,2006/04/08,46,29,4,1,14,22,42,0,257866,4476,1525,88,74,7,0,3,156,387,8737,10392,157479,4702246,0,0,1000000,0,9404492,A,19
607,2006/04/05,24,5,13,4,47,43,44,0,325297,4748,1582,90,68,7,0,2,123,312,7119,9436,128784,3912028,0,0,1500000,0,7824059,A,13
606,2006/04/01,2,23,48,47,43,8,19,0,139978,4508,1334,87,66,7,0,6,166,474,9444,12355,170365,5050125,0,0,1000000,0,10100254,B,17
605,2006/03/29,19,15,46,10,35,21,9,1193669,73682,3026,815,57,41,7,1,5,103,278,6440,8940,113783,3630428,0,0,1500000,0,7260857,A,12
604,2006/03/25,38,29,17,16,35,25,4,0,169086,5506,1706,105,73,7,0,8,221,603,12745,18311,248609,8013423,0,0,1000000,0,16026853,B,15
603,2006/03/22,10,40,8,29,12,17,21,0,174434,3998,1298,75,61,7,0,3,116,302,6760,8274,115215,3197285,0,0,1500000,0,6394574,B,15
602,2006/03/18,11,20,2,15,22,48,1,2000000,75363,2046,598,48,34,7,1,6,187,465,9255,13171,159777,5123343,0,0,1000000,0,9193542,B,20
601,2006/03/15,43,33,1,31,27,22,10,1163454,179011,2729,749,58,42,7,1,2,111,294,6098,8470,124565,3625980,0,0,2000000,0,7251960,A,14
600,2006/03/11,7,47,12,8,34,14,35,0,251294,4980,1393,83,68,7,0,3,136,411,8980,10918,174788,4714965,0,0,1000000,0,9429933,A,15
599,2006/03/08,49,42,11,22,40,30,44,2250708,115846,2279,594,53,35,7,1,6,258,720,13039,19835,229395,6952503,0,0,1500000,0,13905007,A,16
598,2006/03/04,21,25,26,22,4,36,23,1490995,91318,3288,261,63,35,7,2,10,235,2146,14299,25592,280764,8989861,0,0,1000000,0,17979723,A,23
597,2006/03/01,26,21,32,25,49,24,42,0,152442,5658,1688,94,78,7,0,4,96,272,6329,7606,106974,3549084,0,0,1500000,0,7098171,A,12
596,2006/02/25,11,23,27,40,1,9,14,864565,75892,2090,616,47,35,7,2,7,215,530,11151,15035,196860,5464546,0,0,1000000,0,10929095,A,15
595,2006/02/22,17,37,8,26,41,36,48,0,103130,4802,1882,106,82,7,0,5,96,207,4762,6163,90433,3009385,0,0,1500000,0,6018778,A,13
594,2006/02/18,49,47,46,13,35,12,28,0,144797,4606,1465,101,64,7,0,5,140,372,7001,10987,133089,4255697,0,0,1500000,0,8511403,B,17
593,2006/02/15,48,11,21,24,34,30,28,0,741989,8130,2716,143,101,7,0,1,84,223,5108,7237,100377,4194597,0,0,1500000,0,6549964,B,23
592,2006/02/11,34,32,9,10,28,46,1,0,166193,6855,1967,118,77,7,0,5,109,321,6966,10651,144710,4864652,0,0,0,2000000,9729310,A,14
591,2006/02/08,17,15,7,42,21,20,32,0,148753,3900,1388,85,63,7,0,4,136,323,6805,9236,125285,3611024,0,0,1500000,0,7222054,A,13
590,2006/02/04,31,35,8,11,43,40,44,1578572,96949,2888,1156,64,49,7,1,5,142,258,7459,9792,141539,4719618,0,0,1000000,0,9439237,A,23
589,2006/02/01,5,37,8,27,33,34,22,0,381948,5766,1864,116,74,7,0,2,122,333,6534,10198,121646,4452178,0,0,1500000,0,7222548,A,17
588,2006/01/28,10,24,4,29,43,16,46,2282058,70259,2251,749,55,47,7,1,10,264,577,12584,14922,229973,7014350,0,0,0,2000000,14028701,A,15
587,2006/01/25,40,18,45,30,21,37,13,0,282780,5233,1474,106,74,7,0,2,97,291,5234,7567,96786,3294359,0,0,1500000,0,6588721,B,13
586,2006/01/21,32,31,24,23,13,48,11,0,347417,4276,1537,83,65,7,0,2,145,341,8155,10466,147906,4231468,0,0,1000000,0,8462936,A,13
585,2006/01/18,40,15,35,38,19,34,45,0,558163,5863,2217,125,89,7,0,1,85,190,4376,6115,87757,3183282,0,0,1500000,0,6366565,B,20
584,2006/01/14,2,47,5,25,44,6,31,1413927,436054,3074,768,58,46,7,1,1,120,349,7467,9441,141312,4343449,0,0,1000000,0,8686898,A,20
583,2006/01/11,36,25,34,17,45,16,29,1111354,342429,2634,856,63,48,7,1,1,110,246,5418,7055,95969,3305856,0,0,1500000,0,6611712,B,17
582,2006/01/07,43,22,25,44,47,46,30,0,185851,5225,2149,97,85,7,0,4,128,263,7577,8651,130895,4363960,0,0,1000000,0,8727922,B,18
581,2006/01/04,13,45,39,43,8,29,35,0,149827,5705,1757,97,75,7,0,4,94,258,6088,7802,113429,3558573,0,0,1500000,0,7117146,A,15
580,2005/12/31,30,48,40,27,8,14,45,0,388818,3849,1743,82,78,7,0,2,179,334,9173,9622,161765,4683826,0,0,1000000,0,9367652,B,15
579,2005/12/28,9,28,35,22,39,26,23,0,575787,5674,1948,111,77,7,0,1,91,224,5115,7343,102868,3381725,0,0,1500000,0,6763451,A,14
578,2005/12/24,38,1,7,47,10,29,2,0,405621,3478,1499,84,62,7,0,2,209,410,9511,12843,165231,4904541,0,0,1000000,0,9809083,A,23
577,2005/12/21,28,21,17,24,11,15,3,0,118935,3005,886,73,50,7,0,5,177,507,8026,11601,135846,3692632,0,0,1500000,0,7385266,A,21
576,2005/12/17,32,41,15,31,30,42,2,1763895,180800,2217,840,65,51,7,1,3,207,397,8234,10557,152131,5237228,0,0,1000000,0,10474456,B,19
575,2005/12/14,43,21,5,48,30,13,19,1128453,86190,1778,744,52,37,7,1,4,164,285,6507,9103,115605,3461255,0,0,1500000,0,6922510,B,14
574,2005/12/10,24,20,38,33,44,31,22,749233,230684,2957,695,59,40,7,2,2,132,408,7783,11402,141997,4542974,0,0,1000000,0,9085949,B,12
573,2005/12/07,46,28,13,3,22,41,5,0,304927,4295,1490,91,69,7,0,2,126,307,6502,8547,115649,3599422,0,0,1500000,0,7198845,A,11
572,2005/12/03,18,46,15,29,16,17,40,2505407,771854,3037,922,54,47,7,1,1,215,515,14241,16240,241188,7625656,0,0,1000000,0,15251313,A,22
571,2005/11/30,37,13,28,4,8,29,12,0,297286,4070,1063,76,52,7,0,2,131,424,7659,11309,131917,3672025,0,0,1500000,0,7344051,A,21
570,2005/11/26,4,23,14,49,42,7,9,719276,109708,1175,578,32,31,7,2,4,316,467,13359,13856,170314,4567832,0,0,1000000,0,9135665,B,18
569,2005/11/23,4,11,21,16,29,2,6,0,84983,2616,740,63,44,7,0,6,173,517,7816,11261,124114,0,0,0,1500000,0,6403474,A,20
568,2005/11/19,47,9,17,30,4,18,34,0,142314,4955,1642,88,71,7,0,5,127,324,7805,9643,149033,0,0,0,1000000,0,8575178,B,19
567,2005/11/16,49,32,31,20,26,37,22,1996939,307248,4227,1016,82,52,7,1,2,123,372,7447,11672,153513,0,0,0,1500000,0,11602994,B,19
566,2005/11/12,41,33,46,40,12,19,26,0,140758,4254,865,92,67,7,0,8,237,985,11974,16553,218572,6726950,0,0,0,0,13453902,B,18
565,2005/11/09,31,21,10,14,18,44,32,1735708,88475,2611,725,57,39,7,1,6,172,450,9184,13284,170134,5274402,0,0,0,0,10548804,B,17
564,2005/11/05,49,24,28,46,1,47,3,0,1238034,6478,1589,105,68,7,0,1,171,589,11573,17845,220477,7253657,0,0,0,0,14507314,A,16
563,2005/11/02,15,17,41,30,26,14,2,0,613073,5050,1496,97,68,7,0,1,109,311,6222,8906,112277,3623860,0,0,0,0,7247720,B,21
562,2005/10/29,29,44,32,2,31,16,18,0,232279,5604,1268,110,64,7,0,4,150,568,8356,14284,152468,5390552,0,0,0,0,10145862,B,21
561,2005/10/26,22,19,27,5,15,14,46,566246,57975,1591,625,39,38,7,2,6,185,342,8744,9114,145294,0,0,0,0,0,7385667,A,16
560,2005/10/22,25,24,29,26,8,48,21,0,188119,3975,1543,98,70,7,0,4,170,370,7539,10649,136103,4436109,0,0,0,0,8872223,A,16
559,2005/10/19,31,27,36,9,13,44,41,1306177,100513,2538,862,57,49,7,1,4,134,287,6973,8154,127517,3985341,0,0,0,0,7970683,A,14
558,2005/10/15,17,41,24,13,12,11,35,794186,122231,3150,804,54,44,7,3,6,197,561,13439,16550,257766,7445806,0,0,0,0,14891617,B,14
557,2005/10/12,1,28,47,41,15,11,5,0,85559,4633,1289,103,57,7,0,11,180,547,8883,15866,168634,5479921,0,0,0,0,10959842,A,18
556,2005/10/08,38,44,21,9,30,33,45,0,178403,4927,1683,88,81,7,0,6,196,485,12053,13149,207303,6429219,0,0,0,0,12858448,B,16
555,2005/10/05,47,37,29,12,8,43,30,803366,99078,2229,779,56,47,7,2,5,188,391,8824,10443,155461,4898955,0,0,0,0,9797911,A,13
554,2005/10/01,5,40,12,44,32,7,35,2154479,82866,2538,798,52,46,7,1,8,221,511,12593,14317,231657,6721100,0,0,0,0,13442201,A,10
553,2005/09/28,44,45,32,24,18,29,28,0,0,6579,2207,118,89,7,0,0,113,291,6653,8787,119294,3787819,0,0,0,0,7575843,B,11
552,2005/09/24,24,40,1,28,20,4,5,1525349,156534,2422,640,53,35,7,1,3,164,451,8753,13361,159687,4730152,0,0,0,0,9460305,C,13
551,2005/09/21,34,2,43,12,21,22,7,0,135169,3408,978,81,48,7,0,4,141,415,6478,10942,107524,3229676,0,0,0,0,6459359,C,13
550,2005/09/17,35,11,39,22,5,30,17,0,140402,5791,1226,92,58,7,0,5,108,431,7469,11747,138664,4194966,0,0,0,0,8389939,A,10
549,2005/09/14,13,39,5,12,47,1,44,1011673,310801,2457,877,55,46,7,1,1,107,218,5605,6651,105135,3126725,0,0,0,0,6253450,C,10
548,2005/09/10,38,8,14,44,3,43,30,0,740649,4459,1535,88,71,7,0,1,147,361,8134,10046,144125,4388190,0,0,0,0,8776381,C,13
547,2005/09/07,2,16,4,48,11,26,49,1069968,164936,2269,838,46,43,7,1,2,123,242,7155,7596,120755,3382766,0,0,0,0,6765532,C,15
546,2005/09/03,36,34,29,21,14,48,41,1225800,83810,2231,551,58,45,7,2,9,286,842,12907,16573,227380,7393949,0,0,0,0,14787899,A,9
545,2005/08/31,20,2,7,12,49,21,24,0,0,4901,1905,98,78,7,0,0,146,324,7679,9651,137151,3798143,0,0,0,0,7596333,C,19
544,2005/08/27,2,44,47,37,17,5,21,0,268661,3778,1851,75,75,7,0,3,189,326,10371,10394,167587,4853935,0,0,0,0,9707872,C,10
543,2005/08/24,46,13,2,39,31,32,36,1052594,108248,4101,974,67,55,7,1,3,67,205,4801,5902,91848,3140988,0,0,0,0,6281976,C,9
542,2005/08/20,42,20,1,33,29,30,12,0,395203,5909,1816,113,72,7,0,2,120,330,6894,10798,141952,4648908,0,0,0,0,9297816,A,13
541,2005/08/17,42,11,47,8,9,1,36,0,339516,5033,1471,86,69,7,0,2,120,347,7710,9522,149103,4157228,0,0,0,0,8314458,C,19
540,2005/08/13,36,11,39,49,31,29,1,0,210610,4847,1504,103,69,7,0,4,156,425,8078,12001,144553,4909746,0,0,0,0,9819493,C,19
539,2005/08/10,6,49,42,31,16,1,17,1131284,173458,2995,867,67,47,7,1,2,98,246,5132,7229,96598,3344785,0,0,0,0,6689571,A,16
538,2005/08/06,6,11,17,22,45,44,36,0,377616,4159,1184,83,70,7,0,2,162,481,8902,10515,154791,4556947,0,0,0,0,9113896,C,11
537,2005/08/03,42,47,35,1,43,25,34,0,316408,8431,2284,141,99,7,0,2,67,209,4391,6238,90789,3547265,0,0,0,0,7094531,A,11
536,2005/07/30,30,47,3,35,5,31,46,2564714,98344,2631,713,61,53,7,1,8,253,679,12710,14631,242339,7748362,0,0,0,0,15496725,A,16
535,2005/07/27,42,34,4,9,20,29,21,0,575520,5425,1487,108,75,7,0,1,95,293,5248,7513,104318,3387071,0,0,0,0,6774142,A,18
534,2005/07/23,22,18,39,9,19,21,41,0,140509,4778,1414,78,70,7,0,5,131,374,8826,9729,161007,4353806,0,0,0,0,8707620,A,9
533,2005/07/20,16,18,37,41,24,36,2,544250,334223,3250,943,68,44,7,2,1,87,218,4889,7442,94332,3231271,0,0,0,0,6462542,C,13
532,2005/07/16,45,2,13,37,25,34,18,0,151815,2885,1355,82,71,7,0,5,234,421,8977,10410,147020,4508984,0,0,0,0,9017971,A,20
531,2005/07/13,49,8,37,2,13,9,5,0,108672,4700,1015,89,46,7,0,5,103,403,5975,11465,112765,3285025,0,0,0,0,6570001,C,10
530,2005/07/09,45,26,14,19,13,38,16,753316,115651,1967,886,65,45,7,2,4,199,321,7061,10099,135844,4509403,0,0,0,0,9018808,A,13
529,2005/07/06,8,31,17,36,45,16,2,0,306288,5919,1812,114,75,7,0,2,92,254,5227,7917,106201,3550432,0,0,0,0,7100866,C,20
528,2005/07/02,15,43,13,38,11,14,22,0,414088,5169,1599,93,62,7,0,3,213,582,12925,19354,227763,7270193,0,0,0,0,14540387,A,17
527,2005/06/29,13,40,28,21,9,15,38,0,0,5383,2038,113,92,7,0,0,122,282,6241,7676,113688,3438683,0,0,0,0,6877545,A,19
526,2005/06/25,47,31,36,32,8,40,35,1686476,520826,4363,1157,77,49,7,1,1,101,277,6744,10584,138159,4973471,0,0,0,0,9946942,A,19
525,2005/06/22,14,29,33,48,16,4,39,0,0,4472,1899,96,94,7,0,0,130,267,6453,6635,108510,3091141,0,0,0,0,6182405,C,9
524,2005/06/18,39,4,1,37,13,11,38,1521197,0,3706,1003,65,56,7,1,0,124,357,8022,9272,151094,4437132,0,0,0,0,8874265,C,14
523,2005/06/15,46,17,2,49,48,42,4,0,138305,4187,1762,100,79,7,0,4,119,239,5473,6946,101162,3276759,0,0,0,0,6553519,C,14
522,2005/06/11,48,13,36,32,8,38,43,0,718432,4168,1258,84,63,7,0,1,154,431,8336,11205,148801,4350248,0,0,0,0,8700496,C,13
521,2005/06/08,3,4,1,22,38,36,48,0,226412,5538,1949,98,78,7,0,4,147,353,9105,11495,184144,5485639,0,0,0,0,10971279,C,17
520,2005/06/04,28,14,11,24,31,12,35,2394345,123091,2264,775,49,44,7,1,6,276,586,14999,16688,273774,7597546,0,0,0,0,15195092,A,13
519,2005/06/01,16,40,18,11,23,19,36,0,118170,5810,1766,86,72,7,0,5,91,253,6753,8032,125043,3600721,0,0,0,0,7201444,C,19
518,2005/05/28,15,36,31,18,11,4,9,0,184997,4751,1232,92,54,7,0,4,139,453,7858,13384,141380,4393805,0,0,0,0,8787617,A,16
517,2005/05/25,26,33,30,38,20,11,39,0,179773,4857,1974,94,88,7,0,3,100,208,5685,6067,107019,3253030,0,0,0,0,6506065,A,20
516,2005/05/21,14,6,25,4,17,15,10,1213354,33859,1057,366,31,28,7,1,11,298,625,11783,13223,155322,3952310,0,0,0,0,7904620,A,16
515,2005/05/18,23,29,37,45,2,48,24,1128164,115745,2577,1142,69,58,7,1,3,114,187,4992,5929,91950,3314711,0,0,0,0,6629422,A,20
514,2005/05/14,12,24,13,37,22,26,33,0,714650,5283,1209,91,58,7,0,1,121,447,7669,12126,141876,4288635,0,0,0,0,8577270,A,11
513,2005/05/11,41,5,28,7,31,34,29,0,132923,5303,1987,104,81,7,0,4,90,203,5049,6459,98501,3150105,0,0,0,0,6300215,A,14
512,2005/05/07,13,31,40,42,47,24,8,1445171,74280,2530,706,60,48,7,1,6,149,388,7351,9282,126511,4313922,0,0,0,0,8627844,C,19
511,2005/05/04,4,29,10,8,48,7,3,0,176481,3993,1034,78,43,7,0,3,118,385,6611,11969,123713,3295023,0,0,0,0,6590051,A,11
510,2005/04/30,19,7,28,43,33,10,30,1171943,89410,1441,542,38,34,7,2,8,420,811,18436,20519,301496,7612634,0,0,0,0,15225268,A,15
509,2005/04/27,27,40,32,7,42,41,20,0,134790,5358,1461,101,70,7,0,4,90,279,5235,7542,102909,3206037,0,0,0,0,6412081,C,16
508,2005/04/23,10,4,25,17,9,32,6,0,163961,2959,1102,75,54,7,0,4,200,454,8685,12063,149082,4094303,0,0,0,0,8188609,C,15
507,2005/04/20,3,17,15,22,8,21,35,1137264,175327,2104,663,45,39,7,1,2,141,325,7724,8967,134875,3641475,0,0,0,0,7282950,A,11
506,2005/04/16,2,11,42,23,3,1,48,0,230665,2599,1413,60,62,7,0,3,236,367,11137,10812,185033,4457725,0,0,0,0,8915452,C,9
505,2005/04/13,43,9,5,41,18,11,3,0,269368,4584,1060,83,45,7,0,2,104,380,6322,11440,112479,3245151,0,0,0,0,6490302,C,19
504,2005/04/09,26,35,40,11,15,20,2,0,0,5981,1849,113,86,7,0,0,137,386,7742,10177,128666,4183841,0,0,0,0,8367701,A,16
503,2005/04/06,16,7,45,23,38,14,10,0,182597,3008,1524,80,68,7,0,3,163,272,6704,7924,119766,3366137,0,0,0,0,6732275,C,11
502,2005/04/02,26,12,31,20,39,24,21,0,0,7580,2560,131,97,7,0,0,120,308,7373,9923,138937,4599033,0,0,0,0,9198284,C,9
501,2005/03/30,7,19,23,34,6,35,10,0,89759,4018,1332,85,62,7,0,6,120,306,6200,8554,115847,3296583,0,0,0,0,6593169,C,16
500,2005/03/26,2,7,28,47,23,24,41,0,324027,4972,1890,84,79,7,0,3,174,387,11276,11955,214778,5963714,0,0,0,0,11927433,C,19
499,2005/03/23,26,30,49,17,10,19,35,972780,59854,1903,804,52,47,7,1,5,133,229,5710,6296,105342,3039491,0,0,0,0,6078983,C,11
498,2005/03/19,37,33,35,13,41,36,18,0,0,7187,2398,117,91,7,0,0,118,308,7765,9902,128947,4298866,0,0,0,0,8597952,A,15
497,2005/03/16,30,9,31,43,45,47,44,0,185680,4851,1324,101,64,7,0,3,103,319,5405,8609,97502,3258444,0,0,0,0,6516889,C,11
496,2005/03/12,20,7,3,33,25,21,17,1272103,390745,1686,437,38,27,7,1,1,196,550,10281,14126,165326,4163016,0,0,0,0,8326032,A,11
495,2005/03/09,29,21,12,40,19,4,6,1047320,106985,1666,487,46,34,7,1,3,163,405,6923,9217,112286,3254906,0,0,0,0,6509813,A,14
494,2005/03/05,34,24,12,40,17,49,14,2599348,200352,2598,702,62,38,7,1,4,261,702,12911,20857,244309,7874849,0,0,0,0,15749699,C,19
493,2005/03/02,24,19,39,7,26,9,36,0,71603,3299,1186,65,59,7,0,8,154,362,8567,9364,147231,3650150,0,0,0,0,7300302,A,17
492,2005/02/26,2,34,20,30,23,29,26,0,0,6880,2116,131,90,7,0,0,126,356,7038,10243,136396,4418796,0,0,0,0,8837746,A,17
491,2005/02/23,37,8,7,33,9,35,1,500338,43844,1742,651,48,31,7,2,7,149,290,6343,9692,113691,3156685,0,0,0,0,6313373,A,16
490,2005/02/19,14,48,40,10,28,29,26,1337075,206000,2788,775,59,50,7,1,2,125,327,6959,8153,127974,4065049,0,0,0,0,8130098,A,17
489,2005/02/16,32,47,31,43,22,13,49,0,93712,3465,1388,86,67,7,0,6,146,308,6489,8274,110577,3382117,0,0,0,0,6764239,A,18
488,2005/02/12,15,46,47,36,16,1,13,0,145771,6158,1936,113,88,7,0,5,106,285,6354,8112,115300,4172321,0,0,0,0,8344645,C,14
487,2005/02/09,26,15,2,8,39,12,3,1146864,87400,2128,627,38,35,7,1,4,139,343,8975,9739,119145,3523247,0,0,0,0,7046494,A,10
486,2005/02/05,34,47,37,45,30,39,18,0,115932,5581,2144,117,86,7,0,7,130,286,6804,9228,114318,4540140,0,0,0,0,9080283,A,14
485,2005/02/02,47,33,21,44,11,19,43,417461,96067,1231,546,37,33,7,3,4,264,433,10209,11519,159649,4073456,0,0,0,0,8146917,C,20
484,2005/01/29,47,43,17,2,3,48,4,2135778,163896,3169,819,64,47,7,1,4,175,492,10173,13681,192081,6387531,0,0,0,0,12775063,A,16
483,2005/01/26,47,18,14,16,5,35,13,0,214442,4387,2096,87,72,7,0,3,130,230,7150,8641,126589,3826041,0,0,0,0,7652084,A,14
482,2005/01/22,18,41,26,48,27,16,33,0,367814,4800,1474,104,71,7,0,2,137,377,6950,10122,131569,4311371,0,0,0,0,8622744,C,19
481,2005/01/19,5,31,20,40,22,33,48,0,266272,4034,1719,80,74,7,0,2,118,234,6533,7031,116546,3269558,0,0,0,0,6539116,A,19
480,2005/01/15,8,48,29,25,30,13,38,1380578,106079,3701,826,61,41,7,1,4,97,316,6916,10176,129140,4167979,0,0,0,0,8335958,A,15
479,2005/01/12,9,12,17,18,39,44,42,1038395,63396,1635,670,26,37,7,1,5,164,291,11759,8489,122837,3298171,0,0,0,0,6596342,A,19
478,2005/01/08,5,11,16,18,37,41,26,0,117044,4889,1356,84,63,7,0,7,149,454,9500,12601,164461,4906483,0,0,0,0,9812977,A,9
477,2005/01/05,27,17,7,15,48,22,41,0,217731,3093,1429,54,66,7,0,3,188,344,11685,9700,164092,4146087,0,0,0,0,8292174,A,13
476,2004/12/31,24,32,10,31,33,17,36,0,695969,4844,1698,83,71,7,0,1,129,311,8300,9628,144325,4231686,0,0,0,0,8463373,A,13
475,2004/12/29,17,21,31,43,44,49,32,0,359810,7290,1889,121,84,7,0,2,88,287,5809,8343,115118,4112810,0,0,0,0,8225622,A,17
474,2004/12/24,15,31,46,37,30,6,40,1531036,118022,3566,789,70,46,7,1,4,112,368,6684,10233,127182,4521740,0,0,0,0,9043481,A,11
473,2004/12/22,6,22,29,33,36,44,10,619156,0,2646,846,61,48,7,2,0,142,346,7053,8891,118855,3595746,0,0,0,0,7191494,A,18
472,2004/12/18,6,9,23,34,47,49,5,521019,120183,2406,772,57,40,7,3,4,169,383,8336,11918,152265,4763806,0,0,0,0,9527615,C,19
471,2004/12/15,5,22,33,21,45,43,1,0,315452,4791,1790,95,72,7,0,2,118,267,6557,8576,121684,3766347,0,0,0,0,7532694,C,18
470,2004/12/11,32,22,21,18,35,39,11,0,247215,5740,1568,119,65,7,0,3,116,359,6133,11266,124558,4304420,0,0,0,0,8608842,C,19
469,2004/12/08,3,10,31,25,21,42,43,1100861,339985,3060,890,60,54,7,1,1,94,235,5632,6291,102574,3333288,0,0,0,0,6666577,C,18
468,2004/12/04,32,14,1,26,23,31,7,2215013,97129,3268,650,69,35,7,1,7,176,643,9724,19173,189206,6554487,0,0,0,0,13108974,C,11
467,2004/12/01,22,41,31,38,28,17,1,0,210223,3978,1830,95,85,7,0,3,141,259,6452,7212,113447,3685626,0,0,0,0,7371256,B,10
466,2004/11/27,32,49,13,41,45,10,24,0,361809,4705,1369,105,67,7,0,2,137,398,6739,10484,129637,4230547,0,0,0,0,8461096,B,17
465,2004/11/24,9,4,45,11,17,20,33,988700,60679,1746,507,40,32,7,1,5,147,368,7437,9407,123064,3195285,0,0,0,0,6390571,A,11
464,2004/11/20,1,23,37,42,43,47,14,1336998,205391,3737,925,71,47,7,1,2,93,273,5746,8597,112660,7896983,0,0,0,0,3159871.5,A,20
463,2004/11/17,8,45,18,4,9,31,5,979524,300053,2151,415,50,27,7,1,1,118,444,5998,10761,109345,3073517,0,0,0,0,6147035,A,18
462,2004/11/13,8,22,2,30,12,33,37,1219630,186947,1323,583,35,36,7,1,2,239,394,10632,10127,162744,4015323,0,0,0,0,8030646,B,18
461,2004/11/10,34,13,7,14,25,21,20,0,279158,3311,1358,67,60,7,0,2,150,309,8077,9079,137182,3520761,0,0,0,0,7041524,B,13
460,2004/11/06,17,30,46,25,42,3,49,0,382815,5949,2051,116,83,7,0,2,115,282,6457,9031,127925,4422207,0,0,0,0,8844414,A,15
459,2004/11/03,30,37,17,41,15,9,36,0,293620,5239,1626,98,85,7,0,2,101,275,5938,6849,109213,3492109,0,0,0,0,6984221,A,14
458,2004/10/30,47,19,7,36,46,25,41,0,195795,5207,2077,105,89,7,0,6,202,428,11020,12914,219972,6961790,0,0,0,0,13923581,B,20
457,2004/10/27,34,16,6,5,18,20,49,0,563148,3791,1861,76,78,7,0,1,133,229,7272,7089,122519,3456767,0,0,0,0,6913535,B,19
456,2004/10/23,9,20,1,49,46,18,37,0,135914,5731,1706,88,80,7,0,5,106,301,7559,8326,139018,4104960,0,0,0,0,8209926,A,19
455,2004/10/20,16,7,18,22,12,17,47,977433,298808,1404,444,31,35,7,1,1,180,414,9426,8387,136579,3254581,0,0,0,0,6228702,B,17
454,2004/10/16,3,18,33,40,44,45,35,0,356028,4242,1571,87,76,7,0,2,149,340,7953,9056,145440,4276501,0,0,0,0,3258422.5,A,17
453,2004/10/13,6,46,5,11,31,34,43,790961,0,4722,1137,74,55,7,2,0,102,330,7446,10043,141881,4535312,0,0,0,0,9070626,A,10
452,2004/10/09,23,25,30,12,43,27,31,1682738,172150,2993,773,59,41,7,1,3,146,411,8630,12431,164382,5123384,0,0,0,0,10246769,B,10
451,2004/10/06,11,7,37,27,32,35,29,0,653638,3488,1368,71,57,7,0,1,167,360,8979,11177,152999,4074205,0,0,0,0,8148410,A,10
450,2004/10/02,1,45,14,11,41,25,7,1587701,488346,2754,561,54,29,7,1,1,150,535,8942,16702,159853,4875479,0,0,0,0,9750959,A,17
449,2004/09/29,46,11,27,45,18,14,10,0,687461,3666,1402,51,66,7,0,1,166,367,12921,10121,136778,4094954,0,0,0,0,8189908,C,20
448,2004/09/25,5,3,30,35,46,37,40,0,198368,5509,1944,114,78,7,0,4,129,309,6834,9998,133896,4601021,0,0,0,0,9202046,C,18
447,2004/09/22,5,28,32,25,13,34,3,0,259276,4444,1310,94,61,7,0,2,105,301,5462,8406,100555,3109561,0,0,0,0,6219122,A,20
446,2004/09/18,48,44,8,38,35,32,22,1480757,75871,2377,615,56,37,7,1,6,162,455,7998,12243,141523,4492422,0,0,0,0,8984844,C,15
445,2004/09/15,37,17,40,32,46,1,43,520688,160529,4738,991,84,55,7,3,3,86,299,5697,8701,122194,4559889,0,0,0,0,9119780,A,15
444,2004/09/11,49,42,19,9,5,15,30,0,168762,3714,1236,76,63,7,0,5,202,513,10754,13046,188736,5188460,0,0,0,0,10376923,A,17
443,2004/09/08,16,18,41,32,5,6,44,1277857,97879,1415,736,53,41,7,1,4,234,327,7291,9368,128593,3911817,0,0,0,0,7823634,A,15
442,2004/09/04,37,34,32,2,33,25,23,0,0,7389,1999,127,86,7,0,0,127,409,7895,11640,143282,4762673,0,0,0,0,9525387,A,14
441,2004/09/01,3,13,23,40,7,49,10,0,56505,2911,977,63,50,7,0,10,170,428,8531,10712,134725,3494204,0,0,0,0,6988413,C,14
440,2004/08/28,40,30,43,15,35,38,6,1840376,282859,3128,1141,64,54,7,1,2,153,305,8771,10327,158080,5458245,0,0,0,0,10916490,C,30
439,2004/08/25,40,31,8,14,42,29,24,0,108435,4579,1437,98,69,7,0,6,127,342,6504,9229,119792,3836334,0,0,0,0,7672675,C,8
438,2004/08/21,49,3,28,4,30,21,42,0,729747,5073,2004,107,80,7,0,1,129,276,6718,8973,135414,4321832,0,0,0,0,8643664,C,10
437,2004/08/18,7,22,28,30,6,12,43,1026643,104982,1764,663,38,40,7,1,3,151,292,8117,7817,138547,3392504,0,0,0,0,6785008,C,8
436,2004/08/14,8,20,21,24,43,49,29,0,143850,7074,1772,108,78,7,0,5,91,307,6566,9005,129010,4221576,0,0,0,0,8443157,C,8
435,2004/08/11,47,4,48,31,7,36,44,541189,0,4365,1203,80,53,7,2,0,75,212,4639,7006,93348,3060663,0,0,0,0,6121329,C,12
434,2004/08/07,15,34,20,1,19,18,11,0,757074,5021,1210,96,57,7,0,1,136,477,7831,13181,141655,4511778,0,0,0,0,9023557,A,11
433,2004/08/04,9,23,30,5,22,17,16,0,136228,2520,1076,69,54,7,0,4,193,382,7697,9887,129714,3415293,0,0,0,0,6830593,A,15
432,2004/07/31,36,48,8,41,6,28,3,2088571,91630,2965,666,59,39,7,1,7,183,592,10816,16127,199665,6331600,0,0,0,0,12663200,C,12
431,2004/07/28,38,10,12,20,47,45,40,0,574348,4983,1763,118,67,7,0,1,103,246,4759,8401,95779,3316177,0,0,0,0,6632355,A,11
430,2004/07/24,36,17,7,27,20,24,2,739870,64872,1930,485,37,28,7,2,7,199,576,12252,15805,184256,4782930,0,0,0,0,9565860,C,10
429,2004/07/21,24,26,18,44,10,5,43,0,284003,4627,2059,90,82,7,0,2,110,209,6173,6844,114329,3424388,0,0,0,0,6848779,C,11
428,2004/07/17,35,30,34,33,29,5,49,1377320,212209,2362,1125,60,55,7,1,2,152,232,6987,7705,120770,4110147,0,0,0,0,8220295,A,12
427,2004/07/14,19,32,2,12,22,18,43,1038664,45626,1112,336,30,30,7,1,7,243,584,10564,10514,143654,3462404,0,0,0,0,6924809,A,12
426,2004/07/10,17,44,8,49,4,5,19,0,168478,4561,954,81,45,7,0,4,131,529,8078,14441,149354,4125710,0,0,0,0,8251421,A,12
425,2004/07/07,28,23,10,33,37,2,27,0,269565,4865,1689,89,72,7,0,2,99,241,5931,7320,107248,3233449,0,0,0,0,6466899,A,13
424,2004/07/03,6,37,9,41,40,24,22,1020192,156890,3237,783,59,44,7,2,4,164,493,10541,14106,177506,6069956,0,0,0,0,12139914,A,13
423,2004/06/30,49,5,7,25,24,23,34,1078725,165260,2041,647,48,39,7,1,2,137,314,6834,8267,123975,3410290,0,0,0,0,6820581,C,17
422,2004/06/26,29,8,9,42,23,1,48,0,84575,4556,1218,86,73,7,0,9,150,474,8727,10282,164020,4671155,0,0,0,0,9342320,C,8
421,2004/06/23,29,15,14,2,47,4,19,0,254558,6039,1315,94,57,7,0,2,75,291,5277,8671,97198,3015377,0,0,0,0,6030754,C,15
420,2004/06/19,46,32,38,13,41,16,24,715798,110371,3365,594,67,30,7,2,4,111,457,6578,14576,123670,4261749,0,0,0,0,8523499,A,15
419,2004/06/16,1,38,31,24,16,41,43,0,525252,5622,1865,110,88,7,0,1,84,214,4700,5917,90889,3070529,0,0,0,0,6141059,C,20
418,2004/06/12,9,15,3,41,40,6,47,1364807,59828,2214,788,46,48,7,1,7,160,327,8940,8641,140659,4206140,0,0,0,0,8412280,C,16
417,2004/06/09,3,30,26,8,47,6,14,0,179248,4961,1489,91,61,7,0,5,162,456,9694,14455,182117,5417634,0,0,0,0,10835276,C,8
416,2004/06/05,10,43,14,23,34,26,5,1076339,66130,2064,616,54,39,7,2,10,271,660,12173,16660,205562,6525898,0,0,0,0,13051798,A,13
415,2004/06/02,41,16,49,43,9,19,15,1140037,0,3768,1149,70,58,7,1,0,92,235,5655,6837,108995,3312069,0,0,0,0,6624139,A,18
414,2004/05/29,7,49,35,14,8,2,17,491512,451730,2482,441,48,28,7,3,1,154,630,9373,15665,167046,4644170,0,0,0,0,9288342,C,19
413,2004/05/26,5,9,18,25,43,6,36,0,0,4394,1465,93,72,7,0,0,135,353,6834,8796,119929,3218712,0,0,0,0,6437562,C,14
412,2004/05/22,14,41,45,29,16,38,36,0,395967,4230,1860,104,84,7,0,2,168,323,7523,9258,136948,4622054,0,0,0,0,9244108,C,11
411,2004/05/19,49,35,6,45,11,8,28,0,574949,4861,1728,104,69,7,0,1,106,252,5447,8175,109599,3423427,0,0,0,0,6846855,A,20
410,2004/05/15,37,21,19,12,41,43,30,0,145785,5439,1618,102,77,7,0,5,120,341,7011,9301,128056,4261034,0,0,0,0,8522071,A,13
409,2004/05/12,36,1,3,12,7,49,25,923866,40486,1725,536,36,32,7,1,7,139,325,7788,8701,120328,3022339,0,0,0,0,6044678,A,19
408,2004/05/08,14,3,10,18,41,13,15,0,137855,3360,1638,94,65,7,0,5,184,319,7247,10402,140738,4172551,0,0,0,0,8345110,A,19
407,2004/05/05,42,36,44,49,29,35,12,1201624,0,3468,1518,84,60,7,1,0,105,187,4938,6896,93309,3331345,0,0,0,0,6662691,A,12
406,2004/05/01,31,44,28,49,6,10,25,0,191366,5097,1746,110,79,7,0,6,201,496,10205,14180,200383,6684160,0,0,0,0,13368325,C,14
405,2004/04/28,19,8,48,41,34,47,28,0,104554,5707,1608,111,68,7,0,5,82,246,4622,7546,89553,3039353,0,0,0,0,6078711,C,10
404,2004/04/24,22,12,47,7,2,10,5,648719,79582,1432,357,35,25,7,2,5,235,685,11272,15598,167059,4230296,0,0,0,0,8460592,A,17
403,2004/04/21,34,33,45,46,9,31,11,0,347285,4898,1516,112,66,7,0,2,126,344,6038,10184,114895,3985887,0,0,0,0,7971778,C,19
402,2004/04/17,2,3,31,36,45,12,15,0,797699,7477,1983,116,77,7,0,1,96,306,6796,10252,139271,4674926,0,0,0,0,9349853,A,16
401,2004/04/14,19,35,32,10,1,4,28,0,531101,3850,1164,80,58,7,0,1,122,341,6421,8795,115478,3229861,0,0,0,0,6459722,C,17
400,2004/04/10,5,31,40,29,41,25,36,0,223858,4973,2003,106,88,7,0,3,122,256,6314,7584,117002,3946738,0,0,0,0,7893477,A,20
399,2004/04/07,31,35,34,37,16,49,25,1080537,332404,3196,951,67,48,7,1,1,88,215,4918,6850,95493,3225411,0,0,0,0,6450822,C,12
398,2004/04/03,35,43,42,31,45,48,27,1923085,147937,2350,955,60,56,7,1,4,213,381,9794,10447,157974,5657728,0,0,0,0,11315457,C,11
397,2004/03/31,10,1,22,29,26,7,38,0,0,4702,1988,95,83,7,0,0,162,332,8534,9675,151379,4095148,0,0,0,0,8190301,C,11
396,2004/03/27,19,8,17,42,5,21,24,0,251412,3072,954,71,57,7,0,3,221,601,10524,13087,185657,4799264,0,0,0,0,9598529,B,13
395,2004/03/24,31,28,42,17,2,8,7,1029760,0,1971,726,51,42,7,1,0,158,334,6894,8454,107386,3042026,0,0,0,0,6084053,C,15
394,2004/03/20,6,42,38,37,34,32,27,0,0,6787,2321,141,95,7,0,0,115,293,5895,8797,109622,3894822,0,0,0,0,7789853,C,16
393,2004/03/17,6,23,1,42,8,48,45,0,497569,4490,1781,91,82,7,0,1,99,211,5343,5943,101378,3001055,0,0,0,0,6002110,B,16
392,2004/03/13,18,32,36,1,15,16,13,0,135022,4877,1389,92,65,7,0,5,123,365,7141,10054,130727,4007537,0,0,0,0,8015078,C,8
391,2004/03/10,29,9,31,37,14,38,16,996946,306623,3203,760,61,42,7,1,1,81,248,5011,7178,95130,3024549,0,0,0,0,6049098,B,12
390,2004/03/06,28,46,32,39,1,38,43,2524745,259921,3112,770,71,39,7,1,3,212,623,10955,19908,220665,7542834,0,0,0,0,15085668,B,15
389,2004/03/03,31,2,39,8,45,10,24,0,278366,6137,1687,118,76,7,0,2,81,249,4626,7144,95168,3228880,0,0,0,0,6457763,C,20
388,2004/02/28,20,25,29,16,43,24,13,1501974,154083,1123,929,73,46,7,1,3,348,306,6250,10005,125163,4431922,0,0,0,0,8863845,C,20
387,2004/02/25,12,3,36,4,7,13,47,898822,34420,192,609,33,36,7,1,8,1210,278,8251,7503,127734,3012333,0,0,0,0,6024667,B,20
386,2004/02/21,45,25,35,10,16,32,39,644018,78892,1951,882,48,53,7,2,5,171,275,8052,7343,123246,3897064,0,0,0,0,7794129,B,20
385,2004/02/18,42,25,22,49,11,41,8,0,281237,7225,1858,108,74,7,0,2,70,230,5153,7500,101798,3319674,0,0,0,0,6639349,C,16
384,2004/02/14,2,41,17,8,45,26,9,1437134,146685,2640,893,67,41,7,1,3,141,303,6490,10493,124012,4253135,0,0,0,0,8506271,B,17
383,2004/02/11,29,27,33,24,11,4,21,447594,68959,1406,403,34,31,7,2,4,166,421,8093,8793,122481,2979195,0,0,0,0,5958391,B,15
382,2004/02/07,18,4,15,36,20,26,19,0,181177,5308,1780,106,71,7,0,4,123,310,6765,10131,131085,4283378,0,0,0,0,8566759,B,17
381,2004/02/04,2,47,41,11,4,37,21,521854,160811,3318,767,62,40,7,2,2,82,258,5179,7941,102041,3188317,0,0,0,0,6376634,B,14
380,2004/01/31,38,49,20,23,28,34,31,2038608,209451,2783,758,63,43,7,1,3,191,510,9969,14427,191395,6173267,0,0,0,0,12346534,A,16
379,2004/01/28,36,6,18,15,17,14,44,1019843,314474,3023,789,59,42,7,1,1,88,245,5305,7438,102528,3136733,0,0,0,0,6273466,B,17
378,2004/01/24,4,41,17,12,44,6,34,1375674,60553,2456,625,53,39,7,1,7,146,417,7887,10867,140764,4245918,0,0,0,0,8491836,C,14
377,2004/01/21,28,44,21,4,33,13,16,0,157291,2448,1056,61,56,7,0,3,172,337,7571,8216,116980,2989588,0,0,0,0,5979179,C,20
376,2004/01/17,38,11,9,22,42,36,3,1417843,437323,2102,518,49,34,7,1,1,176,519,8881,12791,144100,4372723,0,0,0,0,8745447,B,8
375,2004/01/14,13,29,48,20,6,22,40,0,129274,3972,331,87,62,7,0,4,116,1175,5805,8123,100843,3081335,0,0,0,0,6162670,C,8
374,2004/01/10,19,46,5,37,38,15,12,1405840,433412,2004,786,69,40,7,1,1,183,339,6220,10808,122519,4191571,0,0,0,0,8383143,C,16
373,2004/01/07,45,2,29,25,15,36,19,0,196611,5609,1553,117,73,7,0,3,94,287,4930,7926,95040,3383478,0,0,0,0,6766960,C,15
372,2004/01/03,13,29,35,40,48,22,33,0,337018,4883,1463,102,67,7,0,2,123,347,6445,9795,117545,3918776,0,0,0,0,7837555,C,15
371,2003/12/31,14,25,17,40,48,21,7,0,299851,6917,1434,120,57,7,0,3,116,473,7334,15363,144051,5144335,0,0,0,0,10288671,C,15
370,2003/12/27,22,2,42,43,48,44,4,0,775747,4716,1357,88,73,7,0,1,146,429,8563,10271,144393,4560514,0,0,0,0,9121028,C,19
369,2003/12/24,5,2,42,47,48,9,22,0,659244,6495,1518,113,64,7,0,1,91,329,5737,10137,119600,3883960,0,0,0,0,7767921,C,17
368,2003/12/20,31,11,6,36,41,49,1,1516478,27464,2801,347,72,38,7,1,17,141,828,6448,12148,126201,4474910,0,0,0,0,8949820,C,17
367,2003/12/17,4,14,41,6,13,44,8,0,120300,4997,1631,97,64,7,0,5,107,277,6033,9114,114923,3560924,0,0,0,0,7121848,C,19
366,2003/12/13,22,19,33,9,39,16,18,0,332207,2944,1095,62,54,7,0,2,199,452,10260,11834,165457,4178565,0,0,0,0,8357131,C,20
365,2003/12/10,26,40,11,9,38,36,6,1075382,41449,2863,906,60,40,7,1,8,98,225,5497,8238,103302,3273852,0,0,0,0,6547705,C,17
364,2003/12/06,26,48,42,34,28,11,29,0,173992,3965,1728,87,75,7,0,5,197,382,9824,11484,170732,5222273,0,0,0,0,10444548,C,20
363,2003/12/03,37,20,41,4,22,46,16,1298947,132942,4166,852,77,45,7,1,3,81,288,5120,8735,101286,3776912,0,0,0,0,7553824,C,16
362,2003/11/29,36,5,44,47,4,21,6,1259952,193857,3453,880,69,51,7,1,2,95,271,5572,7525,108767,3743793,0,0,0,0,7487587,C,19
361,2003/11/26,21,9,38,39,17,28,32,0,186304,4742,2046,110,87,7,0,2,72,148,3317,4184,57388,2147434,0,0,0,0,3374874,B,16
